type_sensor,type_analyte,"incub_time,h","[analyte],nM",5_position,3_position,position_nt,position_perc,whole_seq,Tm_ssDNA_analyte,dG_ssDNA_analyte,dH_ssDNA_analyte,local_loop_seq,Tm_local_loop,dG_local_loop,dH_local_loop,GC_local_loop,Tm_dsDNA_analyte,dG_dsDNA_analyte,dH_dsDNA_analyte,anlt_seq_arms,Tm_anlt_seq_arms,dG_anlt_seq_arms,dH_anlt_seq_arms,len_seq_arms,GC_anlt_seq_arms,seq_1arm,seq_1arm_mod,"[1arm],nM",Tm_1arm,dG_1arm,dH_1arm,len_1arm,seq_2arm,seq_2arm_mod,"[2arm],nM",Tm_2arm,dG_2arm,dH_2arm,len_2arm,seq_3arm,seq_3arm_mod,"[3arm],nM",Tm_3arm,dG_3arm,dH_3arm,len_3arm,status
Binary,dsDNA,1,1,10,58,32,45.07042254,ATCGGAAGCTGTACCAAGATTTAATCAAGGGGAAGTTAATTTCTTTGGAAGCCAGCCTTGTCCGAAACCGG,54.3,0.2,-71.5,ATCGGAAGCTGTACCAAGATTTAATCAAGGGGAAGTTAATTTCTTTGGAAGCCAGCCTTGTCCGAAA,54.3,0.2,-71.5,41.79104478,92.5,-212,-1924.5,TGTACCAAGATTTAATCAAGGGGAAGTTAATTTCTTTGGAAGCCAGCCT,34.9,0.9,-14.5,49,38.7755102,TCCCCTTGATTAAATCTTGGTACA,0,20,69.6,-19,-178.3,24,AGGCTGGCTTCCAAAGAAATTAACT,0,20,72.7,-21.1,-189.5,25,0,0,0,0,0,0,0,0
Binary,dsDNA,1,1,10,58,32,45.07042254,ATCGGAAGCTGTACCAAGATTTAATCAAGGGGAAGTTAATTTCTTTGGAAGCCAGCCTTGTCCGAAACCGG,54.3,0.2,-71.5,ATCGGAAGCTGTACCAAGATTTAATCAAGGGGAAGTTAATTTCTTTGGAAGCCAGCCTTGTCCGAAA,54.3,0.2,-71.5,41.79104478,92.5,-212,-1924.5,TGTACCAAGATTTAATCAAGGGGAAGTTAATTTCTTTGGAAGCCAGCCT,34.9,0.9,-14.5,49,38.7755102,TCCCCTTGATTAAATCTTGGTACA,0,20,69.6,-19,-178.3,24,AGGCTGGCTTCCAAAGAAATTAACT,0,40,72.7,-21.1,-189.5,25,0,0,0,0,0,0,0,0
Binary,dsDNA,1,1,10,58,32,45.07042254,ATCGGAAGCTGTACCAAGATTTAATCAAGGGGAAGTTAATTTCTTTGGAAGCCAGCCTTGTCCGAAACCGG,54.3,0.2,-71.5,ATCGGAAGCTGTACCAAGATTTAATCAAGGGGAAGTTAATTTCTTTGGAAGCCAGCCTTGTCCGAAA,54.3,0.2,-71.5,41.79104478,92.5,-212,-1924.5,TGTACCAAGATTTAATCAAGGGGAAGTTAATTTCTTTGGAAGCCAGCCT,34.9,0.9,-14.5,49,38.7755102,TCCCCTTGATTAAATCTTGGTACA,0,40,69.6,-19,-178.3,24,AGGCTGGCTTCCAAAGAAATTAACT,0,20,72.7,-21.1,-189.5,25,0,0,0,0,0,0,0,0
Binary,dsDNA,1,1,16,61,42,42.85714286,AATGCAACGCCAGCTGCTAAAGTATTAGTAGAAGGTAACACTGATGAACGTGGTACACCAGAATACAACATCGCATTAGGCCAACGTCGTGCAGATGC,62.6,-1.6,-71.1,CTGCTAAAGTATTAGTAGAAGGTAACACTGATGAACGTGGTACACCAG,62.6,-1.6,-71.1,41.66666667,92.5,-95.5,-790.9,GCTAAAGTATTAGTAGAAGGTAACACTGATGAACGTGGTACACCAG,65,-0.8,-25.5,46,41.30434783,AGTGTTACCTTCTACTAATACTTTAGC,0,20,67.7,-19,-203.6,27,CTGGTGTACCACGTTCATC,0,20,68.2,-16.6,-135.2,19,0,0,0,0,0,0,0,1
DNM,dsDNA,1,1,16,82,42,42.85714286,AATGCAACGCCAGCTGCTAAAGTATTAGTAGAAGGTAACACTGATGAACGTGGTACACCAGAATACAACATCGCATTAGGCCAACGTCGTGCAGATGC,62.6,-1.6,-71.1,GCTAAAGTATTAGTAGAAGGTAACACTGATGAACGTGGTACACCAGAATACAACATCGCATTAGGCCAACGTCGTGCAGATGC,62.6,-1.6,-71.1,44.57831325,92.5,-95.5,-790.9,GCTAAAGTATTAGTAGAAGGTAACACTGATGAACGTGGTACACCAGAATACAACATCGCATTAGGCCAACGTCGTGCAGATGC,65,-0.8,-25.5,83,44.57831325,AGTGTTACCTTCTACTAATACTTTAGC,0,20,67.7,-19,-203.6,27,CTGGTGTACCACGTTCATC,0,20,68.2,-16.6,-135.2,19,GGCCTAATGCGATGTTGTATT,0,20,69.8,-17.9,-150.8,21,1
Binary,dsDNA,1,1,5,52,30,32.96703297,AGTGCCATTGATTTTCTCAAACTTGTCTTTTGGATAAGAGCCGTCTGAATGTACGTACCAGTAGCCAGTGTCATTCTTCTGCCAGCCTGTT,59.1,-0.5,-40.8,AGTGCCATTGATTTTCTCAAACTTGTCTTTTGGATAAGAGCCGTCTGAATGTACGTACCAGTAGCCAGT,59.1,-0.5,-40.8,42.02898551,91.4,-86.5,-721.6,CCATTGATTTTCTCAAACTTGTCTTTTGGATAAGAGCCGTCTGAATGT,59.1,-0.5,-40.8,48,37.5,AAAGACAAGTTTGAGAAAATCAATGG,0,20,69.9,-19.5,-187.1,26,ACATTCAGACGGCTCTTATCCA,0,20,70.6,-19,-167.7,22,0,0,0,0,0,0,0,0
Binary,dsDNA,1,1,5,52,30,32.96703297,AGTGCCATTGATTTTCTCAAACTTGTCTTTTGGATAAGAGCCGTCTGAATGTACGTACCAGTAGCCAGTGTCATTCTTCTGCCAGCCTGTT,59.1,-0.5,-40.8,AGTGCCATTGATTTTCTCAAACTTGTCTTTTGGATAAGAGCCGTCTGAATGTACGTACCAGTAGCCAGT,59.1,-0.5,-40.8,42.02898551,91.4,-86.5,-721.6,CCATTGATTTTCTCAAACTTGTCTTTTGGATAAGAGCCGTCTGAATGT,59.1,-0.5,-40.8,48,37.5,AAAGACAAGTTTGAGAAAATCAATGG,0,20,69.9,-19.5,-187.1,26,ACATTCAGACGGCTCTTATCCA,0,40,70.6,-19,-167.7,22,0,0,0,0,0,0,0,1
Binary,dsDNA,1,1,5,52,30,32.96703297,AGTGCCATTGATTTTCTCAAACTTGTCTTTTGGATAAGAGCCGTCTGAATGTACGTACCAGTAGCCAGTGTCATTCTTCTGCCAGCCTGTT,59.1,-0.5,-40.8,AGTGCCATTGATTTTCTCAAACTTGTCTTTTGGATAAGAGCCGTCTGAATGTACGTACCAGTAGCCAGT,59.1,-0.5,-40.8,42.02898551,91.4,-86.5,-721.6,CCATTGATTTTCTCAAACTTGTCTTTTGGATAAGAGCCGTCTGAATGT,59.1,-0.5,-40.8,48,37.5,AAAGACAAGTTTGAGAAAATCAATGG,0,40,69.9,-19.5,-187.1,26,ACATTCAGACGGCTCTTATCCA,0,20,70.6,-19,-167.7,22,0,0,0,0,0,0,0,0
Binary,dsDNA,1.5,1,5,52,30,32.96703297,AGTGCCATTGATTTTCTCAAACTTGTCTTTTGGATAAGAGCCGTCTGAATGTACGTACCAGTAGCCAGTGTCATTCTTCTGCCAGCCTGTT,59.1,-0.5,-40.8,AGTGCCATTGATTTTCTCAAACTTGTCTTTTGGATAAGAGCCGTCTGAATGTACGTACCAGTAGCCAGT,59.1,-0.5,-40.8,42.02898551,91.4,-86.5,-721.6,CCATTGATTTTCTCAAACTTGTCTTTTGGATAAGAGCCGTCTGAATGT,59.1,-0.5,-40.8,48,37.5,AAAGACAAGTTTGAGAAAATCAATGG,0,20,69.9,-19.5,-187.1,26,ACATTCAGACGGCTCTTATCCA,0,20,70.6,-19,-167.7,22,0,0,0,0,0,0,0,0
Binary,dsDNA,2,1,5,52,30,32.96703297,AGTGCCATTGATTTTCTCAAACTTGTCTTTTGGATAAGAGCCGTCTGAATGTACGTACCAGTAGCCAGTGTCATTCTTCTGCCAGCCTGTT,59.1,-0.5,-40.8,AGTGCCATTGATTTTCTCAAACTTGTCTTTTGGATAAGAGCCGTCTGAATGTACGTACCAGTAGCCAGT,59.1,-0.5,-40.8,42.02898551,91.4,-86.5,-721.6,CCATTGATTTTCTCAAACTTGTCTTTTGGATAAGAGCCGTCTGAATGT,59.1,-0.5,-40.8,48,37.5,AAAGACAAGTTTGAGAAAATCAATGG,0,20,69.9,-19.5,-187.1,26,ACATTCAGACGGCTCTTATCCA,0,20,70.6,-19,-167.7,22,0,0,0,0,0,0,0,0
Binary,dsDNA,1,1,5,52,43,51.19047619,CAAAGTAGTACCAAGTGCCATTGATTTTCTCAAACTTGTCTTTTGGATAAGAGCCGTCTGAATGTACGTACCAGTAGCCAGTGT,59.1,-0.5,-40.8,CAAAGTAGTACCAAGTGCCATTGATTTTCTCAAACTTGTCTTTTGGATAAGAGCCGTCTGAATGTACGTACCAGTAGCCAGTGT,59.1,-0.5,-40.8,41.66666667,88.1,-76.1,-674,CCATTGATTTTCTCAAACTTGTCTTTTGGATAAGAGCCGTCTGAATGT,59.1,-0.5,-40.8,48,37.5,AAAGACAAGTTTGAGAAAATCAATGG,0,20,69.9,-19.5,-187.1,26,ACATTCAGACGGCTCTTATCCA,0,20,70.6,-19,-167.7,22,0,0,0,0,0,0,0,1
DNM,dsDNA,1,1,5,71,43,51.19047619,CAAAGTAGTACCAAGTGCCATTGATTTTCTCAAACTTGTCTTTTGGATAAGAGCCGTCTGAATGTACGTACCAGTAGCCAGTGT,59.1,-0.5,-40.8,CAAAGTAGTACCAAGTGCCATTGATTTTCTCAAACTTGTCTTTTGGATAAGAGCCGTCTGAATGTACGTACCAGTAGCCAGTGT,59.1,-0.5,-40.8,41.66666667,88.1,-76.1,-674,CCATTGATTTTCTCAAACTTGTCTTTTGGATAAGAGCCGTCTGAATGT,59.1,-0.5,-40.8,48,37.5,AAAGACAAGTTTGAGAAAATCAATGG,0,20,69.9,-19.5,-187.1,26,ACATTCAGACGGCTCTTATCCA,0,20,70.6,-19,-167.7,22,ACACTGGCTACTGGTACGT,0,20,69.2,-17.4,-145.5,19,1
Binary,ssDNA,1,1,19,61,44,46.31578947,GATGTGGTTACCATGATTACCAATCCCTATACCTTTACGTCTATGGGTGCGGTGGGGAGAACACAAGAAATCGGTTTTTCAGCCAGAGGCTTATC,84,-1.6,-19.9,TGGTTACCATGATTACCAATCCCTATACCTTTACGTCTATGGGTGCGGTGGGGAGAACAC,84,-1.6,-19.9,48.33333333,0,0,0,TACCAATCCCTATACCTTTACGTCTATGGGTGCGGTGGGGAGAA,51.6,0.4,-42.8,44,50,ATAGACGTAAAGGTATAGGGATTGGTA,0,20,72.2,-21.1,-194.8,27,TTCTCCCCACCGCACCC,0,20,73,-18.3,-131.9,17,0,0,0,0,0,0,0,0
Binary,ssDNA,3,1,19,61,44,46.31578947,GATGTGGTTACCATGATTACCAATCCCTATACCTTTACGTCTATGGGTGCGGTGGGGAGAACACAAGAAATCGGTTTTTCAGCCAGAGGCTTATC,84,-1.6,-19.9,TGGTTACCATGATTACCAATCCCTATACCTTTACGTCTATGGGTGCGGTGGGGAGAACAC,84,-1.6,-19.9,48.33333333,0,0,0,TACCAATCCCTATACCTTTACGTCTATGGGTGCGGTGGGGAGAA,51.6,0.4,-42.8,44,50,ATAGACGTAAAGGTATAGGGATTGGTA,0,20,72.2,-21.1,-194.8,27,TTCTCCCCACCGCACCC,0,20,73,-18.3,-131.9,17,0,0,0,0,0,0,0,1
DNM,ssDNA,1,1,19,89,44,46.31578947,GATGTGGTTACCATGATTACCAATCCCTATACCTTTACGTCTATGGGTGCGGTGGGGAGAACACAAGAAATCGGTTTTTCAGCCAGAGGCTTATC,84,-1.6,-19.9,TGGTTACCATGATTACCAATCCCTATACCTTTACGTCTATGGGTGCGGTGGGGAGAACACAAGAAATCGGTTTTTCAGCCAGAGGCT,84,-1.6,-19.9,47.12643678,0,0,0,TACCAATCCCTATACCTTTACGTCTATGGGTGCGGTGGGGAGAACACAAGAAATCGGTTTTTCAGCCAGAGG,52.5,0.4,-53.7,72,48.61111111,ATAGACGTAAAGGTATAGGGATTGGTA,0,20,72.2,-21.1,-194.8,27,TTCTCCCCACCGCACCC,0,20,73,-18.3,-131.9,17,CCTCTGGCTGAAAAACCGATTTCTTGTG,0,20,76,-24.7,-221.5,28,1
DNM,ssDNA,3,1,19,89,44,46.31578947,GATGTGGTTACCATGATTACCAATCCCTATACCTTTACGTCTATGGGTGCGGTGGGGAGAACACAAGAAATCGGTTTTTCAGCCAGAGGCTTATC,84,-1.6,-19.9,TGGTTACCATGATTACCAATCCCTATACCTTTACGTCTATGGGTGCGGTGGGGAGAACACAAGAAATCGGTTTTTCAGCCAGAGGCT,84,-1.6,-19.9,47.12643678,0,0,0,TACCAATCCCTATACCTTTACGTCTATGGGTGCGGTGGGGAGAACACAAGAAATCGGTTTTTCAGCCAGAGG,52.5,0.4,-53.7,72,48.61111111,ATAGACGTAAAGGTATAGGGATTGGTA,0,20,72.2,-21.1,-194.8,27,TTCTCCCCACCGCACCC,0,20,73,-18.3,-131.9,17,CCTCTGGCTGAAAAACCGATTTCTTGTG,0,20,76,-24.7,-221.5,28,0
Binary,dsDNA,1,1,46,89,68,60.71428571,TTACTCGCAGAAAGAGCTGCGTTCCAGCAACGTTTTTGACCTCGAAGAGATCATGCGCGAATTCAACTCGTACAAGCAGCGGGTAAAGTACGTGGAGGACAAGGTAGTCGAC,67.6,-4.4,-118.8,CTCGAAGAGATCATGCGCGAATTCAACTCGTACAAGCAGCGGGTAAAGTACG,67.6,-4.4,-118.8,50,94.3,-114,-930.5,AGAGATCATGCGCGAATTCAACTCGTACAAGCAGCGGGTAAAGTA,64.5,-0.6,-21.2,45,46.66666667,AGTTGAATTCGCGCATGATCTCT,0,20,72.1,-20.3,-179.8,23,TACTTTACCCGCTGCTTGTACG,0,20,72.9,-20.4,-174.1,22,0,0,0,0,0,0,0,1
DNM,dsDNA,1,1,46,112,68,60.71428571,TTACTCGCAGAAAGAGCTGCGTTCCAGCAACGTTTTTGACCTCGAAGAGATCATGCGCGAATTCAACTCGTACAAGCAGCGGGTAAAGTACGTGGAGGACAAGGTAGTCGAC,67.6,-4.4,-118.8,CTCGAAGAGATCATGCGCGAATTCAACTCGTACAAGCAGCGGGTAAAGTACGTGGAGGACAAGGTAGTCGAC,67.6,-4.4,-118.8,51.38888889,94.3,-114,-930.5,AGAGATCATGCGCGAATTCAACTCGTACAAGCAGCGGGTAAAGTACGTGGAGGACAAGGTAGTCGAC,59.4,-0.6,-45.8,67,50.74626866,AGTTGAATTCGCGCATGATCTCT,0,20,72.1,-20.3,-179.8,23,TACTTTACCCGCTGCTTGTACG,0,20,72.9,-20.4,-174.1,22,GTCGACTACCTTGTCCTCCACG,0,20,73.3,-20.7,-175.3,22,1
DNM,dsDNA,1,10,46,112,68,60.71428571,TTACTCGCAGAAAGAGCTGCGTTCCAGCAACGTTTTTGACCTCGAAGAGATCATGCGCGAATTCAACTCGTACAAGCAGCGGGTAAAGTACGTGGAGGACAAGGTAGTCGAC,67.6,-4.4,-118.8,CTCGAAGAGATCATGCGCGAATTCAACTCGTACAAGCAGCGGGTAAAGTACGTGGAGGACAAGGTAGTCGAC,67.6,-4.4,-118.8,51.38888889,95,-114,-930.5,AGAGATCATGCGCGAATTCAACTCGTACAAGCAGCGGGTAAAGTACGTGGAGGACAAGGTAGTCGAC,59.4,-0.6,-45.8,67,50.74626866,AGTTGAATTCGCGCATGATCTCT,0,200,72.1,-20.3,-179.8,23,TACTTTACCCGCTGCTTGTACG,0,200,72.9,-20.4,-174.1,22,GTCGACTACCTTGTCCTCCACG,0,200,73.3,-20.7,-175.3,22,1
DNM,amplicon,1,5000,46,112,68,60.71428571,TTACTCGCAGAAAGAGCTGCGTTCCAGCAACGTTTTTGACCTCGAAGAGATCATGCGCGAATTCAACTCGTACAAGCAGCGGGTAAAGTACGTGGAGGACAAGGTAGTCGAC,67.6,-4.4,-118.8,CTCGAAGAGATCATGCGCGAATTCAACTCGTACAAGCAGCGGGTAAAGTACGTGGAGGACAAGGTAGTCGAC,67.6,-4.4,-118.8,51.38888889,96.8,-114,-930.5,AGAGATCATGCGCGAATTCAACTCGTACAAGCAGCGGGTAAAGTACGTGGAGGACAAGGTAGTCGAC,59.4,-0.6,-45.8,67,50.74626866,AGTTGAATTCGCGCATGATCTCT,0,200,72.1,-20.3,-179.8,23,TACTTTACCCGCTGCTTGTACG,0,200,72.9,-20.4,-174.1,22,GTCGACTACCTTGTCCTCCACG,0,200,73.3,-20.7,-175.3,22,0
Binary,dsDNA,1,1,15,49,31,37.34939759,CATTTGCCCAACGACTCGCTTTCGCAGGCCGGGGCGCACAGCTTAACGCCGCTGAGCATGGACGTGATCCGACTGGGCGAAAA,67.8,-3.5,-93.8,TTTGCCCAACGACTCGCTTTCGCAGGCCGGGGCGCACAGCTTAACGCCGCTGAGCATGGACGTGATCCGACTGGGCGAA,67.8,-3.5,-93.8,63.29113924,98.2,-96.3,-703.7,CTCGCTTTCGCAGGCCGGGGCGCACAGCTTAACGC,62.6,-0.7,-31.4,35,68.57142857,CGGCCTGCGAAAGCGAG,0,20,72.4,-18.5,-141.1,17,GtGTTAAGCTGTGCGCCC,0,20,70.3,-17.9,-145.1,18,0,0,0,0,0,0,0,1
DNM,dsDNA,1,1,15,66,31,37.34939759,CATTTGCCCAACGACTCGCTTTCGCAGGCCGGGGCGCACAGCTTAACGCCGCTGAGCATGGACGTGATCCGACTGGGCGAAAA,67.8,-3.5,-93.8,TTTGCCCAACGACTCGCTTTCGCAGGCCGGGGCGCACAGCTTAACGCCGCTGAGCATGGACGTGATCCGACTGGGCGAA,67.8,-3.5,-93.8,63.29113924,98.2,-96.3,-703.7,CTCGCTTTCGCAGGCCGGGGCGCACAGCTTAACGCCGCTGAGCATGGACGTGA,64.6,-2,-69,53,66.03773585,CGGCCTGCGAAAGCGAG,0,20,72.4,-18.5,-141.1,17,GCGTTAAGCTGTGCGCCC,0,20,73.3,-19.3,-148.6,18,TCACGTCCATGCTCAGCG,0,20,71.7,-18.4,-144.7,18,0
Binary,dsDNA,1,10,8,43,26,25,GAGCACTTGGTCAGGCACACGGACAGGGTCAGCGGAGGACGCGTGGCACAGCAGCCCGGGGTAGGTCCCCTGGACCTGCCGCTGGCGGACTACGCCTTCGTTGC,75,-8.9,-155.5,GAGCACTTGGTCAGGCACACGGACAGGGTCAGCGGAGGACGCGTGGCACAGCAGCCC,75,-8.9,-155.5,68.42105263,104.6,-126.7,-865.9,TGGTCAGGCACACGGACAGGGTCAGCGGAGGACGCG,70.7,-1.3,-28.1,36,69.44444444,CTGTCCGTGTGCCTGACCA,0,200,73.4,-19.4,-150.1,19,CGCGTCCTCCGCTGACC,0,200,73.9,-19.1,-140.7,17,0,0,0,0,0,0,0,0
Binary,amplicon,1,5000,8,43,26,25,GAGCACTTGGTCAGGCACACGGACAGGGTCAGCGGAGGACGCGTGGCACAGCAGCCCGGGGTAGGTCCCCTGGACCTGCCGCTGGCGGACTACGCCTTCGTTGC,75,-8.9,-155.5,GAGCACTTGGTCAGGCACACGGACAGGGTCAGCGGAGGACGCGTGGCACAGCAGCCC,75,-8.9,-155.5,68.42105263,106.7,-126.7,-865.9,TGGTCAGGCACACGGACAGGGTCAGCGGAGGACGCG,70.7,-1.3,-28.1,36,69.44444444,CTGTCCGTGTGCCTGACCA,0,200,73.4,-19.4,-150.1,19,CGCGTCCTCCGCTGACC,0,200,73.9,-19.1,-140.7,17,0,0,0,0,0,0,0,0
DNM,dsDNA,1,10,8,43,26,25,GAGCACTTGGTCAGGCACACGGACAGGGTCAGCGGAGGACGCGTGGCACAGCAGCCCGGGGTAGGTCCCCTGGACCTGCCGCTGGCGGACTACGCCTTCGTTGC,75,-8.9,-155.5,GAGCACTTGGTCAGGCACACGGACAGGGTCAGCGGAGGACGCGTGGCACAGCAGCCCGGGGTAGGTCCCCTGGACCTGCC,75,-8.9,-155.5,70,104.6,-126.7,-865.9,TGGTCAGGCACACGGACAGGGTCAGCGGAGGACGCGTGGCACAGCAGCCCGG,66.1,-1.8,-56.2,52,71.15384615,CTGTCCGTGTGCCTGACCA,0,200,73.4,-19.4,-150.1,19,CGCGTCCTCCGCTGACC,0,200,73.9,-19.1,-140.7,17,CCGGGCTGCTGTGCCA,0,200,74.1,-18.4,-127.6,16,0
DNM,amplicon,1,5000,8,43,26,25,GAGCACTTGGTCAGGCACACGGACAGGGTCAGCGGAGGACGCGTGGCACAGCAGCCCGGGGTAGGTCCCCTGGACCTGCCGCTGGCGGACTACGCCTTCGTTGC,75,-8.9,-155.5,GAGCACTTGGTCAGGCACACGGACAGGGTCAGCGGAGGACGCGTGGCACAGCAGCCCGGGGTAGGTCCCCTGGACCTGCC,75,-8.9,-155.5,70,106.7,-126.7,-865.9,TGGTCAGGCACACGGACAGGGTCAGCGGAGGACGCGTGGCACAGCAGCCCGG,66.1,-1.8,-56.2,52,71.15384615,CTGTCCGTGTGCCTGACCA,0,200,73.4,-19.4,-150.1,19,CGCGTCCTCCGCTGACC,0,200,73.9,-19.1,-140.7,17,CCGGGCTGCTGTGCCA,0,200,74.1,-18.4,-127.6,16,0
Binary,dsDNA,1,1,12,44,28,35.44303797,AAAGCCTCCTGGCGGCCTTCACGAATGCCGGATGCCTGTGCCGACGGGTGTTCTTTCGCGAGGTTAGGGACAACACGTT,76.4,-3.3,-54.2,TGGCGGCCTTCACGAATGCCGGATGCCTGTGCCGACGGGT,76.4,-3.3,-54.2,67.5,99.3,-90.1,-636.1,TGGCGGCCTTCACGAATGCCGGATGCCTGTGCCGACG,67.2,-1.9,-53.3,37,67.56756757,GCATTCGTGAAGGCCGC,GCATTCGT G AA GGCC GCgA,20,70.3,-17.6,-139,17,TCGGCACAGGCATCCG,CcTCGGC AC AGGCAT CCG,20,71.3,-17.5,-127.8,16,0,0,0,0,0,0,0,1
DNM,dsDNA,1,1,12,69,28,35.44303797,AAAGCCTCCTGGCGGCCTTCACGAATGCCGGATGCCTGTGCCGACGGGTGTTCTTTCGCGAGGTTAGGGACAACACGTT,76.4,-3.3,-54.2,TGGCGGCCTTCACGAATGCCGGATGCCTGTGCCGACGGGTGTTCTTTCGCGAGGTTAGGGACAACACGTT,76.4,-3.3,-54.2,60,99.3,-90.1,-636.1,TGGCGGCCTTCACGAATGCCGGATGCCTGTGCCGACGGGTGTTCTTTCGCGAGGTTAGGG,65.1,-2.4,-80.6,60,63.33333333,GCATTCGTGAAGGCCGCCA,0,20,75.1,-20.3,-153.3,19,CcTCGGCACAGGCATCCG,0,20,74.4,-19.6,-145.7,18,CCCTAACCTCGCGAAAGAACACC,0,20,74.6,-21.8,-183.3,23,1
Binary,dsDNA,1,1,8,60,32,32.65306122,TGTGATTGAAGCAATCACTTTTTCAACTCAACATTTAGCAAATAAGGTTAGTCAAGCAAATATTGATATGGGATTTGGGATAACTAAGCTAGTTATTC,67.6,-3.6,-98.3,TGTGATTGAAGCAATCACTTTTTCAACTCAACATTTAGCAAATAAGGTTAGTCAAGCAAATATTGATATGGGATTTG,67.6,-3.6,-98.3,31.16883117,85.8,-79.6,-758.6,GAAGCAATCACTTTTTCAACTCAACATTTAGCAAATAAGGTTAGTCAAGCAAA,41.7,0.6,-14.5,53,32.0754717,GTTGAGTTGAAAAAGTGATTGCTTC,0,20,70.2,-19.5,-181.7,25,TTTGCTTGACTAACCTTATTTGCTAAAT,0,20,69.9,-20.6,-211.8,28,0,0,0,0,0,0,0,1
DNM,dsDNA,1,1,8,80,32,32.65306122,TGTGATTGAAGCAATCACTTTTTCAACTCAACATTTAGCAAATAAGGTTAGTCAAGCAAATATTGATATGGGATTTGGGATAACTAAGCTAGTTATTC,67.6,-3.6,-98.3,TGTGATTGAAGCAATCACTTTTTCAACTCAACATTTAGCAAATAAGGTTAGTCAAGCAAATATTGATATGGGATTTGGG,67.6,-3.6,-98.3,32.91139241,85.8,-79.6,-758.6,GAAGCAATCACTTTTTCAACTCAACATTTAGCAAATAAGGTTAGTCAAGCAAATATTGATATGGGATTTGGG,48.5,0.4,-20.7,72,33.33333333,GTTGAGTTGAAAAAGTGATTGCTTC,0,20,70.2,-19.5,-181.7,25,GCTTGACTAACCTTATTTGCTAAAT,0,20,67.2,-18.2,-189.7,25,TCCCAAATCCCATATCAATATTT,0,20,67.3,-17.1,-156.5,23,0
Binary,dsDNA,1,1,4,54,24,26.66666667,AATTGCCGGTAGAGCTATTACCATCAAATGTTCCTATGGAAATTATAGAGTTGATGTCAACAGGTCGGTTCGAATGTGGGATAACACATT,62.7,-2.7,-118.6,AATTGCCGGTAGAGCTATTACCATCAAATGTTCCTATGGAAATTATAGAGTTGATGTCAAC,62.7,-2.7,-118.6,36.06557377,89.6,-80.4,-692.6,TGCCGGTAGAGCTATTACCATCAAATGTTCCTATGGAAATTATAGAGTTGA,58.4,-0.4,-34.8,51,37.25490196,ATGGTAATAGCTCTACCGGCA,0,20,69.9,-18.3,-158.9,21,TCAACTCTATAATTTCCATAGGAACATTTG,0,20,70.1,-21.4,-226.4,30,0,0,0,0,0,0,0,1
DNM,dsDNA,1,1,4,76,24,26.66666667,AATTGCCGGTAGAGCTATTACCATCAAATGTTCCTATGGAAATTATAGAGTTGATGTCAACAGGTCGGTTCGAATGTGGGATAACACATT,62.7,-2.7,-118.6,AATTGCCGGTAGAGCTATTACCATCAAATGTTCCTATGGAAATTATAGAGTTGATGTCAACAGGTCGGTTCGAATGTGGGATAACACATT,62.7,-2.7,-118.6,38.88888889,89.7,-80.5,-692.7,TGCCGGTAGAGCTATTACCATCAAATGTTCCTATGGAAATTATAGAGTTGATGTCAACAGGTCGGTTCGAATG,59.8,-1.1,-75.2,73,41.09589041,ATGGTAATAGCTCTACCGGCA,0,20,69.9,-18.3,-158.9,21,TCAACTCTATAATTTCCATAGGAACATTTG,0,20,70.1,-21.4,-226.4,30,CATTCGAACCGACCTGTTGACA,0,20,72.1,-20,-173.9,22,0
Binary,dsDNA,1,1,41,91,66,54.09836066,CAGGTTCAGGTAAAACAGCTGTACTAGTTGAGCGTATTATCCAAAAGATTTTACGTGATGGCATTGATGTCGATCGACTTTTAGTCGTAACGTTTACAAACTTAAGCGCACGTGAAATGAAG,59.3,-1.9,-150,CCAAAAGATTTTACGTGATGGCATTGATGTCGATCGACTTTTAGTCGTAACGTTTACAAACTTAAGCGCACGTGAAATGAAG,59.3,-1.9,-150,39.02439024,89.8,-109.9,-995.7,CCAAAAGATTTTACGTGATGGCATTGATGTCGATCGACTTTTAGTCGTAAC,67.6,-1.5,-41.2,51,39.21568627,CAATGCCATCACGTAAAATCTTTTGG,0,20,71.1,-21,-203.8,26,GTTACGACTAAAAGTCGATCGACAT,0,20,70,-20,-196.9,25,0,0,0,0,0,0,0,1
DNM,dsDNA,1,1,41,122,66,54.09836066,CAGGTTCAGGTAAAACAGCTGTACTAGTTGAGCGTATTATCCAAAAGATTTTACGTGATGGCATTGATGTCGATCGACTTTTAGTCGTAACGTTTACAAACTTAAGCGCACGTGAAATGAAG,59.3,-1.9,-150,CCAAAAGATTTTACGTGATGGCATTGATGTCGATCGACTTTTAGTCGTAACGTTTACAAACTTAAGCGCACGTGAAATGAAG,59.3,-1.9,-150,39.02439024,89.8,-109.9,-995.7,CCAAAAGATTTTACGTGATGGCATTGATGTCGATCGACTTTTAGTCGTAACGTTTACAAACTTAAGCGCACGTGAAATGAAG,62.7,-1.6,-69.2,82,39.02439024,CAATGCCATCACGTAAAATCTTTTGG,0,20,71.1,-21,-203.8,26,GTTACGACTAAAAGTCGATCGACAT,0,20,70,-20,-196.9,25,CTTCATTTCACGTGCGCTTAAGTTTGTAAAC,0,20,75.2,-25.8,-249.1,31,1
Binary,dsDNA,1,1,14,63,38,35.51401869,ATGTTGTTGAAAAATATCTTGAGTGTTCTTGCTTTCGCTTTATTAATTGATGCTGCTCCAGTTAAAAGATCTCCAGGGTTTGTTACCTTAGACTTTAATGTCAAAAG,53.9,0.1,-27.8,ATATCTTGAGTGTTCTTGCTTTCGCTTTATTAATTGATGCTGCTCCAGTT,53.9,0.1,-27.8,36,86.9,-89.8,-850.8,ATATCTTGAGTGTTCTTGCTTTCGCTTTATTAATTGATGCTGCTCCAGTT,44.2,0.8,-23,50,36,GCGAAAGCAAGAACACTCAAGATAT,0,20,71.9,-20.6,-188.4,25,AACTGGAGCAGCATCAATTAATAAA,0,20,70.6,-19.5,-177.6,25,0,0,0,0,0,0,0,1
DNM,dsDNA,1,1,14,92,38,35.51401869,ATGTTGTTGAAAAATATCTTGAGTGTTCTTGCTTTCGCTTTATTAATTGATGCTGCTCCAGTTAAAAGATCTCCAGGGTTTGTTACCTTAGACTTTAATGTCAAAAG,53.9,0.1,-27.8,ATATCTTGAGTGTTCTTGCTTTCGCTTTATTAATTGATGCTGCTCCAGTTAAAAGATCTCCAGGGTTTGTTACCTTAGA,53.9,0.1,-27.8,36.70886076,86.9,-89.8,-850.8,ATATCTTGAGTGTTCTTGCTTTCGCTTTATTAATTGATGCTGCTCCAGTTAAAAGATCTCCAGGGTTTGTTACCTTAGA,53.9,0.1,-27.8,79,36.70886076,GCGAAAGCAAGAACACTCAAGATAT,0,20,71.9,-20.6,-188.4,25,AACTGGAGCAGCATCAATTAATAAA,0,20,70.6,-19.5,-177.6,25,TCTAAGGTAACAAACCCTGGAGATCTTTT,0,20,75.9,-23.8,-207.4,29,1
Binary,ssDNA,1,1,30,78,55,48.24561404,GAAAAAAATAATGCTAGTTTTTATTACACTTATATTAGTTAGTCTACCAATTGCGCAACAAACTGAAGCAAAGGATGCATCTGCATTCAATAAAGAAAATTCAATTTCATCCAT,64.2,-1.8,-66.8,GAAAAAAATAATGCTAGTTTTTATTACACTTATATTAGTTAGTCTACCAATTGCGCAACAAACTGAAGCAAAGGATGCATCTGCATTCAATAAAGAAAATTC,64.2,-1.8,-66.8,29.41176471,0,0,0,TTATATTAGTTAGTCTACCAATTGCGCAACAAACTGAAGCAAAGGATG,59.3,-0.7,-53.7,48,35.41666667,CGCAATTGGTAGACTAACTAATATAA,0,20,66.3,-17.9,-196.9,26,GCATCCTTTGCTTCAGTTTGTTG,0,20,70.3,-19.5,-181.1,23,0,0,0,0,0,0,0,1
Binary,ssDNA,3,1,30,78,55,48.24561404,GAAAAAAATAATGCTAGTTTTTATTACACTTATATTAGTTAGTCTACCAATTGCGCAACAAACTGAAGCAAAGGATGCATCTGCATTCAATAAAGAAAATTCAATTTCATCCAT,64.2,-1.8,-66.8,GAAAAAAATAATGCTAGTTTTTATTACACTTATATTAGTTAGTCTACCAATTGCGCAACAAACTGAAGCAAAGGATGCATCTGCATTCAATAAAGAAAATTC,64.2,-1.8,-66.8,29.41176471,0,0,0,TTATATTAGTTAGTCTACCAATTGCGCAACAAACTGAAGCAAAGGATG,59.3,-0.7,-53.7,48,35.41666667,CGCAATTGGTAGACTAACTAATATAA,0,20,66.3,-17.9,-196.9,26,GCATCCTTTGCTTCAGTTTGTTG,0,20,70.3,-19.5,-181.1,23,0,0,0,0,0,0,0,1
Binary,dsDNA,1,1,30,78,55,48.24561404,GAAAAAAATAATGCTAGTTTTTATTACACTTATATTAGTTAGTCTACCAATTGCGCAACAAACTGAAGCAAAGGATGCATCTGCATTCAATAAAGAAAATTCAATTTCATCCAT,64.2,-1.8,-66.8,GAAAAAAATAATGCTAGTTTTTATTACACTTATATTAGTTAGTCTACCAATTGCGCAACAAACTGAAGCAAAGGATGCATCTGCATTCAATAAAGAAAATTC,64.2,-1.8,-66.8,29.41176471,86.1,-91.5,-889.7,TTATATTAGTTAGTCTACCAATTGCGCAACAAACTGAAGCAAAGGATG,59.3,-0.7,-53.7,48,35.41666667,CGCAATTGGTAGACTAACTAATATAA,0,20,66.3,-17.9,-196.9,26,GCATCCTTTGCTTCAGTTTGTTG,0,20,70.3,-19.5,-181.1,23,0,0,0,0,0,0,0,1
Binary,dsDNA,1,1,30,78,55,48.24561404,GAAAAAAATAATGCTAGTTTTTATTACACTTATATTAGTTAGTCTACCAATTGCGCAACAAACTGAAGCAAAGGATGCATCTGCATTCAATAAAGAAAATTCAATTTCATCCAT,64.2,-1.8,-66.8,GAAAAAAATAATGCTAGTTTTTATTACACTTATATTAGTTAGTCTACCAATTGCGCAACAAACTGAAGCAAAGGATGCATCTGCATTCAATAAAGAAAATTC,64.2,-1.8,-66.8,29.41176471,86.1,-91.5,-889.7,TTATATTAGTTAGTCTACCAATTGCGCAACAAACTGAAGCAAAGGATG,59.3,-0.7,-53.7,48,35.41666667,CGCAATTGGTAGACTAACTAATATAA,0,20,66.3,-17.9,-196.9,26,GCATCCTTTGCTTCAGTTTGTTG,0,40,70.3,-19.5,-181.1,23,0,0,0,0,0,0,0,1
Binary,dsDNA,1,1,30,78,55,48.24561404,GAAAAAAATAATGCTAGTTTTTATTACACTTATATTAGTTAGTCTACCAATTGCGCAACAAACTGAAGCAAAGGATGCATCTGCATTCAATAAAGAAAATTCAATTTCATCCAT,64.2,-1.8,-66.8,GAAAAAAATAATGCTAGTTTTTATTACACTTATATTAGTTAGTCTACCAATTGCGCAACAAACTGAAGCAAAGGATGCATCTGCATTCAATAAAGAAAATTC,64.2,-1.8,-66.8,29.41176471,86.1,-91.5,-889.7,TTATATTAGTTAGTCTACCAATTGCGCAACAAACTGAAGCAAAGGATG,59.3,-0.7,-53.7,48,35.41666667,CGCAATTGGTAGACTAACTAATATAA,0,40,66.3,-17.9,-196.9,26,GCATCCTTTGCTTCAGTTTGTTG,0,20,70.3,-19.5,-181.1,23,0,0,0,0,0,0,0,1
DNM,ssDNA,1,1,30,95,55,48.24561404,GAAAAAAATAATGCTAGTTTTTATTACACTTATATTAGTTAGTCTACCAATTGCGCAACAAACTGAAGCAAAGGATGCATCTGCATTCAATAAAGAAAATTCAATTTCATCCAT,64.2,-1.8,-66.8,GAAAAAAATAATGCTAGTTTTTATTACACTTATATTAGTTAGTCTACCAATTGCGCAACAAACTGAAGCAAAGGATGCATCTGCATTCAATAAAGAAAATTC,64.2,-1.8,-66.8,29.41176471,0,0,0,TTACACTTATATTAGTTAGTCTACCAATTGCGCAACAAACTGAAGCAAAGGATGCATCTGCATTCAATAAAG,75.4,-1.6,-27.5,72,34.72222222,CGCAATTGGTAGACTAACTAATATAA,0,20,66.3,-17.9,-196.9,26,GCTTCAGTTTGTTGCGCA,0,20,68,-16.9,-143.8,18,CTTTATTGAATGCAGATGCATCCTTT,0,20,71.9,-20.6,-188.1,26,1
DNM,ssDNA,3,1,30,95,55,48.24561404,GAAAAAAATAATGCTAGTTTTTATTACACTTATATTAGTTAGTCTACCAATTGCGCAACAAACTGAAGCAAAGGATGCATCTGCATTCAATAAAGAAAATTCAATTTCATCCAT,64.2,-1.8,-66.8,GAAAAAAATAATGCTAGTTTTTATTACACTTATATTAGTTAGTCTACCAATTGCGCAACAAACTGAAGCAAAGGATGCATCTGCATTCAATAAAGAAAATTC,64.2,-1.8,-66.8,29.41176471,0,0,0,TTACACTTATATTAGTTAGTCTACCAATTGCGCAACAAACTGAAGCAAAGGATGCATCTGCATTCAATAAAG,75.4,-1.6,-27.5,72,34.72222222,CGCAATTGGTAGACTAACTAATATAA,0,20,66.3,-17.9,-196.9,26,GCTTCAGTTTGTTGCGCA,0,20,68,-16.9,-143.8,18,CTTTATTGAATGCAGATGCATCCTTT,0,20,71.9,-20.6,-188.1,26,1
Binary,dsDNA,1,1,31,79,52,52.52525253,CTACTTTTAATCGAGAAACACCAGGAGTTCCCATTGCTTATACAACAAACTTCCTAAAAGACAATGAATTAGCTGTTATTAAAAACAACTCAGAATATA,54.6,0,-26.7,CTACTTTTAATCGAGAAACACCAGGAGTTCCCATTGCTTATACAACAAACTTCCTAAAAGACAATGAATTAGCTGTTATTAAAAACAACTCAGAATATA,54.6,0,-26.7,31.31313131,85,-79.7,-780.4,CCATTGCTTATACAACAAACTTCCTAAAAGACAATGAATTAGCTGTTAT,54.6,0,-26.7,49,30.6122449,GAAGTTTGTTGTATAAGCAATGG,0,20,66.7,-17,-163.1,23,ATAACAGCTAATTCATTGTCTTTTAG,0,20,65.9,-17.5,-189,26,0,0,0,0,0,0,0,1
Binary,dsDNA,1,1,31,79,52,52.52525253,CTACTTTTAATCGAGAAACACCAGGAGTTCCCATTGCTTATACAACAAACTTCCTAAAAGACAATGAATTAGCTGTTATTAAAAACAACTCAGAATATA,54.6,0,-26.7,CTACTTTTAATCGAGAAACACCAGGAGTTCCCATTGCTTATACAACAAACTTCCTAAAAGACAATGAATTAGCTGTTATTAAAAACAACTCAGAATATA,54.6,0,-26.7,31.31313131,85,-79.7,-780.4,CCATTGCTTATACAACAAACTTCCTAAAAGACAATGAATTAGCTGTTAT,54.6,0,-26.7,49,30.6122449,GAAGTTTGTTGTATAAGCAATGG,0,20,66.7,-17,-163.1,23,ATAACAGCTAATTCATTGTCTTTTAG,0,40,65.9,-17.5,-189,26,0,0,0,0,0,0,0,1
Binary,dsDNA,1,1,31,79,52,52.52525253,CTACTTTTAATCGAGAAACACCAGGAGTTCCCATTGCTTATACAACAAACTTCCTAAAAGACAATGAATTAGCTGTTATTAAAAACAACTCAGAATATA,54.6,0,-26.7,CTACTTTTAATCGAGAAACACCAGGAGTTCCCATTGCTTATACAACAAACTTCCTAAAAGACAATGAATTAGCTGTTATTAAAAACAACTCAGAATATA,54.6,0,-26.7,31.31313131,85,-79.7,-780.4,CCATTGCTTATACAACAAACTTCCTAAAAGACAATGAATTAGCTGTTAT,54.6,0,-26.7,49,30.6122449,GAAGTTTGTTGTATAAGCAATGG,0,40,66.7,-17,-163.1,23,ATAACAGCTAATTCATTGTCTTTTAG,0,20,65.9,-17.5,-189,26,0,0,0,0,0,0,0,1
DNM,dsDNA,1,1,0,0,0,0,CTACTTTTAATCGAGAAACACCAGGAGTTCCCATTGCTTATACAACAAACTTCCTAAAAGACAATGAATTAGCTGTTATTAAAAACAACTCAGAATATA,54.6,0,-26.7,CTACTTTTAATCGAGAAACACCAGGAGTTCCCATTGCTTATACAACAAACTTCCTAAAAGACAATGAATTAGCTGTTATTAAAAACAACTCAGAATATA,54.6,0,-26.7,31.31313131,85,-79.7,-780.4,GAGAAACACCAGGAGTTCCCATTGCTTATACAACAAACTTCCTAAAAGACAATGAATTAGCTGTTAT,54.6,0,-26.7,67,35.82089552,GAAGTTTGTTGTATAAGCAATGG,0,20,66.7,-17,-163.1,23,CTTTTAGGAAGTTTGTTGTATAAGCAATG,0,20,69.3,-20.7,-223.3,29,GAACTCCTGGTGTTTCTC,0,20,66.3,-15.1,-110.5,18,0
Binary,dsDNA,1,1,18,61,39,39.39393939,ATGGGGCTCTTTGGACTGACACGCTTTATCCATGAACATAAACTGGTTAAACCCAGCATCATTTCAACGCCACCCGGAGTTTTAACCCCCGTGGCGGTA,67.9,-4.3,-112.4,TGGACTGACACGCTTTATCCATGAACATAAACTGGTTAAACCCAGCATCAT,67.9,-4.3,-112.4,41.17647059,94.7,-101.2,-803.7,GACACGCTTTATCCATGAACATAAACTGGTTAAACCCAGCATCA,61.7,-0.7,-33.3,44,40.90909091,TATGTTCATGGATAAAGCGTGTC,0,20,70.9,-19,-164,23,TGATGCTGGGTTTAACCAGTT,0,20,71.3,-18.4,-147.2,21,0,0,20,0,0,0,0,1
DNM,dsDNA,1,1,18,87,39,39.39393939,ATGGGGCTCTTTGGACTGACACGCTTTATCCATGAACATAAACTGGTTAAACCCAGCATCATTTCAACGCCACCCGGAGTTTTAACCCCCGTGGCGGTA,67.9,-4.3,-112.4,GACACGCTTTATCCATGAACATAAACTGGTTAAACCCAGCATCATTTCAACGCCACCCGGAGTTTTAACC,67.9,-4.3,-112.4,44.28571429,94.7,-101.2,-803.7,GACACGCTTTATCCATGAACATAAACTGGTTAAACCCAGCATCATTTCAACGCCACCCGGAGTTTTAACC,65.9,-1.9,-58.5,70,44.28571429,TATGTTCATGGATAAAGCGTGTC,0,20,70.9,-19,-164,23,TGATGCTGGGTTTAACCAGTT,0,20,71.3,-18.4,-147.2,21,GGTTAAAACTCCGGGTGGCGTTGAAA,0,20,77.4,-24.6,-205.9,26,0
Binary,dsDNA,1,1,18,62,41,45.55555556,ACATTGAGGCGGACGAGGCATGTGCAAACTTATTTCATACGCGTACAGTGGCTTTGGTTTATACGACAGATACTGATTTACTCTTCATGG,57,-0.4,-64.4,GCGGACGAGGCATGTGCAAACTTATTTCATACGCGTACAGTGGCTTTGGTTTATACGACAGATACTG,57,-0.4,-64.4,46.26865672,89.6,-84.2,-730.5,GCATGTGCAAACTTATTTCATACGCGTACAGTGGCTTTGGTTTATA,56.8,-0.1,-22,46,39.13043478,CGTATGAAATAAGTTTGCACATGC,0,20,68.5,-18.9,-189.2,24,TATAAACCAAAGCCACTGTACG,0,20,68.7,-18.2,-169.5,22,0,0,20,0,0,0,0,0
DNM,dsDNA,1,1,18,90,41,45.55555556,ACATTGAGGCGGACGAGGCATGTGCAAACTTATTTCATACGCGTACAGTGGCTTTGGTTTATACGACAGATACTGATTTACTCTTCATGG,57,-0.4,-64.4,GCGGACGAGGCATGTGCAAACTTATTTCATACGCGTACAGTGGCTTTGGTTTATACGACAGATACTGATTTACTCTTCATGG,57,-0.4,-64.4,43.90243902,89.6,-84.2,-730.5,GCATGTGCAAACTTATTTCATACGCGTACAGTGGCTTTGGTTTATACGACAGATACTGATTTACTCTTCATGG,57,-0.4,-64.4,73,39.7260274,CGTATGAAATAAGTTTGCACATGC,0,20,68.5,-18.9,-189.2,24,TATAAACCAAAGCCACTGTACG,0,20,68.7,-18.2,-169.5,22,CCATGAAGAGTAAATCAGTATCTGTCG,0,20,70.5,-20.9,-209.5,27,0
Binary,dsDNA,1,1,5,41,20,29.85074627,CTGCATAAACGCCTGGGCCGCACAATGATTTACGTCACCCACGATCAGGTCGAAGCGATGACGCTGG,75.2,-3.5,-61.3,ATAAACGCCTGGGCCGCACAATGATTTACGTCACCCACG,75.2,-3.5,-61.3,53.84615385,92.7,-72.1,-559.9,ATAAACGCCTGGGCCGCACAATGATTTACGTCACCCA,50.6,0.3,-25.1,37,51.35135135,CGGCCCAGGCGTTTAT,0,20,69,-16.3,-118.5,16,TGGGTGACGTAAATCATTGTG,0,20,67.5,-17.4,-162,21,0,0,0,0,0,0,0,0
DNM,dsDNA,1,1,5,61,20,29.85074627,CTGCATAAACGCCTGGGCCGCACAATGATTTACGTCACCCACGATCAGGTCGAAGCGATGACGCTGG,75.2,-3.5,-61.3,ATAAACGCCTGGGCCGCACAATGATTTACGTCACCCACGATCAGGTCGAAGCGATGACGCTGG,75.2,-3.5,-61.3,55.55555556,92.7,-72.1,-559.9,ATAAACGCCTGGGCCGCACAATGATTTACGTCACCCACGATCAGGTCGAAGCGATGA,66,-1,-30.7,57,52.63157895,CGGCCCAGGCGTTTAT,0,20,69,-16.3,-118.5,16,TGGGTGACGTAAATCATTGTG,0,20,67.5,-17.4,-162,21,TCATCGCTTCGACCTGATCG,0,20,71.5,-19,-159.8,20,0
Binary,dsDNA,1,10,33,69,51,52.57731959,GGTGGAGCTGCCGATGCCAAATCGTCAGCAAGTCTGGCTGCCAGTTGAAAGCCGTGATGTCCAGGTTGGAGCCAATATGTCGCTGGGTATTCGCCCG,69.1,-5.3,-128.6,GCTGCCGATGCCAAATCGTCAGCAAGTCTGGCTGCCAGTTGAAAGCCGTGATGTCCAGGTTGG,69.1,-5.3,-128.6,57.14285714,98.1,-106.5,-806.2,TCTGGCTGCCAGTTGAAAGCCGTGATGTCCAGGTTGG,65.6,-0.9,-29.7,37,56.75675676,CTTTCAACTGGCAGCCAGA,0,200,69.7,-17.7,-147,19,CCAACCTGGACATCACGG,0,200,68.7,-17.1,-140.9,18,0,0,0,0,0,0,0,1
Binary,amplicon,1,5000,33,69,51,52.57731959,GGTGGAGCTGCCGATGCCAAATCGTCAGCAAGTCTGGCTGCCAGTTGAAAGCCGTGATGTCCAGGTTGGAGCCAATATGTCGCTGGGTATTCGCCCG,69.1,-5.3,-128.6,GCTGCCGATGCCAAATCGTCAGCAAGTCTGGCTGCCAGTTGAAAGCCGTGATGTCCAGGTTGG,69.1,-5.3,-128.6,57.14285714,100.2,-106.5,-806.2,TCTGGCTGCCAGTTGAAAGCCGTGATGTCCAGGTTGG,65.6,-0.9,-29.7,37,56.75675676,CTTTCAACTGGCAGCCAGA,0,200,69.7,-17.7,-147,19,CCAACCTGGACATCACGG,0,200,68.7,-17.1,-140.9,18,0,0,0,0,0,0,0,1
DNM,dsDNA,1,10,33,87,51,52.57731959,GGTGGAGCTGCCGATGCCAAATCGTCAGCAAGTCTGGCTGCCAGTTGAAAGCCGTGATGTCCAGGTTGGAGCCAATATGTCGCTGGGTATTCGCCCG,69.1,-5.3,-128.6,GCTGCCGATGCCAAATCGTCAGCAAGTCTGGCTGCCAGTTGAAAGCCGTGATGTCCAGGTTGGAGCCAATATGTCGCTGGGTATTCGCCCG,69.1,-5.3,-128.6,57.14285714,98.1,-106.5,-806.2,TCTGGCTGCCAGTTGAAAGCCGTGATGTCCAGGTTGGAGCCAATATGTCGCTGGG,62.6,-1.1,-50.1,55,56.36363636,CTTTCAACTGGCAGCCAGA,0,200,69.7,-17.7,-147,19,CCAACCTGGACATCACGG,0,200,68.7,-17.1,-140.9,18,CCCAGCGACATATTGGCT,0,200,68.4,-16.9,-139,18,0
DNM,amplicon,1,5000,33,87,51,52.57731959,GGTGGAGCTGCCGATGCCAAATCGTCAGCAAGTCTGGCTGCCAGTTGAAAGCCGTGATGTCCAGGTTGGAGCCAATATGTCGCTGGGTATTCGCCCG,69.1,-5.3,-128.6,GCTGCCGATGCCAAATCGTCAGCAAGTCTGGCTGCCAGTTGAAAGCCGTGATGTCCAGGTTGGAGCCAATATGTCGCTGGGTATTCGCCCG,69.1,-5.3,-128.6,57.14285714,100.2,-106.5,-806.2,TCTGGCTGCCAGTTGAAAGCCGTGATGTCCAGGTTGGAGCCAATATGTCGCTGGG,62.6,-1.1,-50.1,55,56.36363636,CTTTCAACTGGCAGCCAGA,0,200,69.7,-17.7,-147,19,CCAACCTGGACATCACGG,0,200,68.7,-17.1,-140.9,18,CCCAGCGACATATTGGCT,0,200,68.4,-16.9,-139,18,0
Binary,dsDNA,1,1,10,45,29,38.66666667,CGATGACGCTGGCCGACAAAATCGTGGTGCTGGACGCCGGTCGCGTGGCGCAGGTTGGGAAACCGCTGGAGCTGT,73.5,-4.4,-83.2,TGGCCGACAAAATCGTGGTGCTGGACGCCGGTCGCGTGGCGCAGGTTGGGAAACCGC,73.5,-4.4,-83.2,66.66666667,98.9,-89.8,-639.5,TGGCCGACAAAATCGTGGTGCTGGACGCCGGTCGCG,62.2,-1.2,-57.9,36,66.66666667,CACCACGATTTTGTCGGCCA,0,20,72.6,-19.5,-159.1,20,CGCGACCGGCGTCCAG,0,20,74.3,-18.9,-135.3,16,0,0,0,0,0,0,0,0
Binary,dsDNA,1,10,10,45,29,38.66666667,CGATGACGCTGGCCGACAAAATCGTGGTGCTGGACGCCGGTCGCGTGGCGCAGGTTGGGAAACCGCTGGAGCTGT,73.5,-4.4,-83.2,TGGCCGACAAAATCGTGGTGCTGGACGCCGGTCGCGTGGCGCAGGTTGGGAAACCGC,73.5,-4.4,-83.2,66.66666667,99.9,-89.8,-639.5,TGGCCGACAAAATCGTGGTGCTGGACGCCGGTCGCG,62.2,-1.2,-57.9,36,66.66666667,CACCACGATTTTGTCGGCCA,0,200,72.6,-19.5,-159.1,20,CGCGACCGGCGTCCAG,0,200,74.3,-18.9,-135.3,16,0,0,0,0,0,0,0,0
Binary,amplicon,1,5000,10,45,29,38.66666667,CGATGACGCTGGCCGACAAAATCGTGGTGCTGGACGCCGGTCGCGTGGCGCAGGTTGGGAAACCGCTGGAGCTGT,73.5,-4.4,-83.2,TGGCCGACAAAATCGTGGTGCTGGACGCCGGTCGCGTGGCGCAGGTTGGGAAACCGC,73.5,-4.4,-83.2,66.66666667,102.6,-89.8,-639.5,TGGCCGACAAAATCGTGGTGCTGGACGCCGGTCGCG,62.2,-1.2,-57.9,36,66.66666667,CACCACGATTTTGTCGGCCA,0,200,72.6,-19.5,-159.1,20,CGCGACCGGCGTCCAG,0,200,74.3,-18.9,-135.3,16,0,0,0,0,0,0,0,1
DNM,dsDNA,1,1,10,64,29,38.66666667,CGATGACGCTGGCCGACAAAATCGTGGTGCTGGACGCCGGTCGCGTGGCGCAGGTTGGGAAACCGCTGGAGCTGT,73.5,-4.4,-83.2,TGGCCGACAAAATCGTGGTGCTGGACGCCGGTCGCGTGGCGCAGGTTGGGAAACC,73.5,-4.4,-83.2,65.45454545,98.9,-89.8,-639.5,TGGCCGACAAAATCGTGGTGCTGGACGCCGGTCGCGTGGCGCAGGTTGGGAAACC,71.2,-4.3,-91.5,55,65.45454545,CACCACGATTTTGTCGGCCA,0,20,72.6,-19.5,-159.1,20,CGCGACCGGCGTCCAG,0,20,74.3,-18.9,-135.3,16,GGTTTCCCAACCTGCGCCA,0,20,74.9,-20,-149.8,19,1
DNM,dsDNA,1,10,10,64,29,38.66666667,CGATGACGCTGGCCGACAAAATCGTGGTGCTGGACGCCGGTCGCGTGGCGCAGGTTGGGAAACCGCTGGAGCTGT,73.5,-4.4,-83.2,TGGCCGACAAAATCGTGGTGCTGGACGCCGGTCGCGTGGCGCAGGTTGGGAAACC,73.5,-4.4,-83.2,65.45454545,99.9,-89.8,-639.5,TGGCCGACAAAATCGTGGTGCTGGACGCCGGTCGCGTGGCGCAGGTTGGGAAACC,71.2,-4.3,-91.5,55,65.45454545,CACCACGATTTTGTCGGCCA,0,200,72.6,-19.5,-159.1,20,CGCGACCGGCGTCCAG,0,200,74.3,-18.9,-135.3,16,GGTTTCCCAACCTGCGCCA,0,200,74.9,-20,-149.8,19,0
DNM,amplicon,1,5000,10,64,29,38.66666667,CGATGACGCTGGCCGACAAAATCGTGGTGCTGGACGCCGGTCGCGTGGCGCAGGTTGGGAAACCGCTGGAGCTGT,73.5,-4.4,-83.2,TGGCCGACAAAATCGTGGTGCTGGACGCCGGTCGCGTGGCGCAGGTTGGGAAACC,73.5,-4.4,-83.2,65.45454545,102.6,-89.8,-639.5,TGGCCGACAAAATCGTGGTGCTGGACGCCGGTCGCGTGGCGCAGGTTGGGAAACC,71.2,-4.3,-91.5,55,65.45454545,CACCACGATTTTGTCGGCCA,0,200,72.6,-19.5,-159.1,20,CGCGACCGGCGTCCAG,0,200,74.3,-18.9,-135.3,16,GGTTTCCCAACCTGCGCCA,0,200,74.9,-20,-149.8,19,1
Binary,ssDNA,1,1,13,63,42,50.60240964,GACCGACGAATACCGGCGTGAGAAATTTTGTGATAAATTTAACCGTCAGCGAATCCTCTTCGTCCAGACGCACCGCAAACAGA,62,-3,-143.3,GACCGACGAATACCGGCGTGAGAAATTTTGTGATAAATTTAACCGTCAGCGAATCCTCTTCGTCCAGACG,62,-3,-143.3,47.14285714,0,0,0,CCGGCGTGAGAAATTTTGTGATAAATTTAACCGTCAGCGAATCCTCTTCGT,57.8,-0.7,-79.7,51,43.1372549,TTAAATTTATCACAAAATTTCTCACGCCGG,0,20,73,-23.6,-234.3,30,ACGAAGAGGATTCGCTGACGG,0,20,73.5,-20.4,-167.9,21,0,0,0,0,0,0,0,1
Binary,ssDNA,3,1,13,63,42,50.60240964,GACCGACGAATACCGGCGTGAGAAATTTTGTGATAAATTTAACCGTCAGCGAATCCTCTTCGTCCAGACGCACCGCAAACAGA,62,-3,-143.3,GACCGACGAATACCGGCGTGAGAAATTTTGTGATAAATTTAACCGTCAGCGAATCCTCTTCGTCCAGACG,62,-3,-143.3,47.14285714,0,0,0,CCGGCGTGAGAAATTTTGTGATAAATTTAACCGTCAGCGAATCCTCTTCGT,57.8,-0.7,-79.7,51,43.1372549,TTAAATTTATCACAAAATTTCTCACGCCGG,0,20,73,-23.6,-234.3,30,ACGAAGAGGATTCGCTGACGG,0,20,73.5,-20.4,-167.9,21,0,0,0,0,0,0,0,1
DNM,ssDNA,1,1,13,82,42,50.60240964,GACCGACGAATACCGGCGTGAGAAATTTTGTGATAAATTTAACCGTCAGCGAATCCTCTTCGTCCAGACGCACCGCAAACAGA,62,-3,-143.3,GACCGACGAATACCGGCGTGAGAAATTTTGTGATAAATTTAACCGTCAGCGAATCCTCTTCGTCCAGACGCACCGCAAACAGA,62,-3,-143.3,48.19277108,0,0,0,CCGGCGTGAGAAATTTTGTGATAAATTTAACCGTCAGCGAATCCTCTTCGTCCAGACGCACCGCAAACAG,58.8,-1.2,-109.2,70,48.57142857,TTAAATTTATCACAAAATTTCTCACGCCGG,0,20,73,-23.6,-234.3,30,ACGAAGAGGATTCGCTGACGG,0,20,73.5,-20.4,-167.9,21,CTGTTTGCGGTGCGTCTGG,0,20,73,-19.5,-155.4,19,1
DNM,ssDNA,3,1,13,82,42,50.60240964,GACCGACGAATACCGGCGTGAGAAATTTTGTGATAAATTTAACCGTCAGCGAATCCTCTTCGTCCAGACGCACCGCAAACAGA,62,-3,-143.3,GACCGACGAATACCGGCGTGAGAAATTTTGTGATAAATTTAACCGTCAGCGAATCCTCTTCGTCCAGACGCACCGCAAACAGA,62,-3,-143.3,48.19277108,0,0,0,CCGGCGTGAGAAATTTTGTGATAAATTTAACCGTCAGCGAATCCTCTTCGTCCAGACGCACCGCAAACAG,58.8,-1.2,-109.2,70,48.57142857,TTAAATTTATCACAAAATTTCTCACGCCGG,0,20,73,-23.6,-234.3,30,ACGAAGAGGATTCGCTGACGG,0,20,73.5,-20.4,-167.9,21,CTGTTTGCGGTGCGTCTGG,0,20,73,-19.5,-155.4,19,0
Binary,ssDNA,1,1,7,54,28,35,GTGCGCCTGTTTTATACCCCCTCTCCCAACTGTAACTTAGAAGTAACACACACCGATCAACAGTCAGCGTGGCACACCAG,61.1,-0.9,-52,GTGCGCCTGTTTTATACCCCCTCTCCCAACTGTAACTTAGAAGTAACACACACCGATCAACAGTCAGCGTGGCACACCAG,61.1,-0.9,-52,51.25,0,0,0,CTGTTTTATACCCCCTCTCCCAACTGTAACTTAGAAGTAACACACACC,57.3,-0.2,-26.5,48,43.75,TGGGAGAGGGGGTATAAAACAG,0,20,70.5,-18.8,-164.5,22,GGTGTGTGTTACTTCTAAGTTACAGT,0,20,69.9,-20.1,-199.4,26,0,0,0,0,0,0,0,0
Binary,ssDNA,3,1,7,54,28,35,GTGCGCCTGTTTTATACCCCCTCTCCCAACTGTAACTTAGAAGTAACACACACCGATCAACAGTCAGCGTGGCACACCAG,61.1,-0.9,-52,GTGCGCCTGTTTTATACCCCCTCTCCCAACTGTAACTTAGAAGTAACACACACCGATCAACAGTCAGCGTGGCACACCAG,61.1,-0.9,-52,51.25,0,0,0,CTGTTTTATACCCCCTCTCCCAACTGTAACTTAGAAGTAACACACACC,57.3,-0.2,-26.5,48,43.75,TGGGAGAGGGGGTATAAAACAG,0,20,70.5,-18.8,-164.5,22,GGTGTGTGTTACTTCTAAGTTACAGT,0,20,69.9,-20.1,-199.4,26,0,0,0,0,0,0,0,1
Binary,dsDNA,1,1,7,54,28,35,GTGCGCCTGTTTTATACCCCCTCTCCCAACTGTAACTTAGAAGTAACACACACCGATCAACAGTCAGCGTGGCACACCAG,61.1,-0.9,-52,GTGCGCCTGTTTTATACCCCCTCTCCCAACTGTAACTTAGAAGTAACACACACCGATCAACAGTCAGCGTGGCACACCAG,61.1,-0.9,-52,51.25,91.7,-80.1,-652.9,CTGTTTTATACCCCCTCTCCCAACTGTAACTTAGAAGTAACACACACC,57.3,-0.2,-26.5,48,43.75,TGGGAGAGGGGGTATAAAACAG,0,20,70.5,-18.8,-164.5,22,GGTGTGTGTTACTTCTAAGTTACAGT,0,20,69.9,-20.1,-199.4,26,0,0,0,0,0,0,0,0
Binary,dsDNA,1,1,7,54,28,35,GTGCGCCTGTTTTATACCCCCTCTCCCAACTGTAACTTAGAAGTAACACACACCGATCAACAGTCAGCGTGGCACACCAG,61.1,-0.9,-52,GTGCGCCTGTTTTATACCCCCTCTCCCAACTGTAACTTAGAAGTAACACACACCGATCAACAGTCAGCGTGGCACACCAG,61.1,-0.9,-52,51.25,91.7,-80.1,-652.9,CTGTTTTATACCCCCTCTCCCAACTGTAACTTAGAAGTAACACACACC,57.3,-0.2,-26.5,48,43.75,TGGGAGAGGGGGTATAAAACAG,0,20,70.5,-18.8,-164.5,22,GGTGTGTGTTACTTCTAAGTTACAGT,0,40,69.9,-20.1,-199.4,26,0,0,0,0,0,0,0,0
Binary,dsDNA,1,1,7,54,28,35,GTGCGCCTGTTTTATACCCCCTCTCCCAACTGTAACTTAGAAGTAACACACACCGATCAACAGTCAGCGTGGCACACCAG,61.1,-0.9,-52,GTGCGCCTGTTTTATACCCCCTCTCCCAACTGTAACTTAGAAGTAACACACACCGATCAACAGTCAGCGTGGCACACCAG,61.1,-0.9,-52,51.25,91.7,-80.1,-652.9,CTGTTTTATACCCCCTCTCCCAACTGTAACTTAGAAGTAACACACACC,57.3,-0.2,-26.5,48,43.75,TGGGAGAGGGGGTATAAAACAG,0,40,70.5,-18.8,-164.5,22,GGTGTGTGTTACTTCTAAGTTACAGT,0,20,69.9,-20.1,-199.4,26,0,0,0,0,0,0,0,0
Binary,dsDNA,1.5,1,7,54,28,35,GTGCGCCTGTTTTATACCCCCTCTCCCAACTGTAACTTAGAAGTAACACACACCGATCAACAGTCAGCGTGGCACACCAG,61.1,-0.9,-52,GTGCGCCTGTTTTATACCCCCTCTCCCAACTGTAACTTAGAAGTAACACACACCGATCAACAGTCAGCGTGGCACACCAG,61.1,-0.9,-52,51.25,91.7,-80.1,-652.9,CTGTTTTATACCCCCTCTCCCAACTGTAACTTAGAAGTAACACACACC,57.3,-0.2,-26.5,48,43.75,TGGGAGAGGGGGTATAAAACAG,0,20,70.5,-18.8,-164.5,22,GGTGTGTGTTACTTCTAAGTTACAGT,0,20,69.9,-20.1,-199.4,26,0,0,0,0,0,0,0,0
Binary,dsDNA,2,1,7,54,28,35,GTGCGCCTGTTTTATACCCCCTCTCCCAACTGTAACTTAGAAGTAACACACACCGATCAACAGTCAGCGTGGCACACCAG,61.1,-0.9,-52,GTGCGCCTGTTTTATACCCCCTCTCCCAACTGTAACTTAGAAGTAACACACACCGATCAACAGTCAGCGTGGCACACCAG,61.1,-0.9,-52,51.25,91.7,-80.1,-652.9,CTGTTTTATACCCCCTCTCCCAACTGTAACTTAGAAGTAACACACACC,57.3,-0.2,-26.5,48,43.75,TGGGAGAGGGGGTATAAAACAG,0,20,70.5,-18.8,-164.5,22,GGTGTGTGTTACTTCTAAGTTACAGT,0,20,69.9,-20.1,-199.4,26,0,0,0,0,0,0,0,0
DNM,ssDNA,1,1,7,77,28,35,GTGCGCCTGTTTTATACCCCCTCTCCCAACTGTAACTTAGAAGTAACACACACCGATCAACAGTCAGCGTGGCACACCAG,61.1,-0.9,-52,GTGCGCCTGTTTTATACCCCCTCTCCCAACTGTAACTTAGAAGTAACACACACCGATCAACAGTCAGCGTGGCACACCAG,61.1,-0.9,-52,51.25,0,0,0,CTGTTTTATACCCCCTCTCCCAACTGTAACTTAGAAGTAACACACACCGATCAACAGTCAGCGTGGCACAC,60.1,-0.8,-49.4,71,47.88732394,TGGGAGAGGGGGTATAAAACAG,0,20,70.5,-18.8,-164.5,22,GGTGTGTGTTACTTCTAAGTTACAGT,0,20,69.9,-20.1,-199.4,26,GTGTGCCACGCTGACTGTTGATC,0,20,77.6,-22.5,-172.6,23,0
DNM,ssDNA,3,1,7,77,28,35,GTGCGCCTGTTTTATACCCCCTCTCCCAACTGTAACTTAGAAGTAACACACACCGATCAACAGTCAGCGTGGCACACCAG,61.1,-0.9,-52,GTGCGCCTGTTTTATACCCCCTCTCCCAACTGTAACTTAGAAGTAACACACACCGATCAACAGTCAGCGTGGCACACCAG,61.1,-0.9,-52,51.25,0,0,0,CTGTTTTATACCCCCTCTCCCAACTGTAACTTAGAAGTAACACACACCGATCAACAGTCAGCGTGGCACAC,60.1,-0.8,-49.4,71,47.88732394,TGGGAGAGGGGGTATAAAACAG,0,20,70.5,-18.8,-164.5,22,GGTGTGTGTTACTTCTAAGTTACAGT,0,20,69.9,-20.1,-199.4,26,GTGTGCCACGCTGACTGTTGATC,0,20,77.6,-22.5,-172.6,23,0
DNM,dsDNA,1.5,1,7,77,28,35,GTGCGCCTGTTTTATACCCCCTCTCCCAACTGTAACTTAGAAGTAACACACACCGATCAACAGTCAGCGTGGCACACCAG,61.1,-0.9,-52,GTGCGCCTGTTTTATACCCCCTCTCCCAACTGTAACTTAGAAGTAACACACACCGATCAACAGTCAGCGTGGCACACCAG,61.1,-0.9,-52,51.25,91.7,-80.1,-652.9,CTGTTTTATACCCCCTCTCCCAACTGTAACTTAGAAGTAACACACACCGATCAACAGTCAGCGTGGCACAC,60.1,-0.8,-49.4,71,47.88732394,TGGGAGAGGGGGTATAAAACAG,0,20,70.5,-18.8,-164.5,22,GGTGTGTGTTACTTCTAAGTTACAGT,0,20,69.9,-20.1,-199.4,26,GTGTGCCACGCTGACTGTTGATC,0,20,77.6,-22.5,-172.6,23,0
DNM,dsDNA,2,1,7,77,28,35,GTGCGCCTGTTTTATACCCCCTCTCCCAACTGTAACTTAGAAGTAACACACACCGATCAACAGTCAGCGTGGCACACCAG,61.1,-0.9,-52,GTGCGCCTGTTTTATACCCCCTCTCCCAACTGTAACTTAGAAGTAACACACACCGATCAACAGTCAGCGTGGCACACCAG,61.1,-0.9,-52,51.25,91.7,-80.1,-652.9,CTGTTTTATACCCCCTCTCCCAACTGTAACTTAGAAGTAACACACACCGATCAACAGTCAGCGTGGCACAC,60.1,-0.8,-49.4,71,47.88732394,TGGGAGAGGGGGTATAAAACAG,0,20,70.5,-18.8,-164.5,22,GGTGTGTGTTACTTCTAAGTTACAGT,0,20,69.9,-20.1,-199.4,26,GTGTGCCACGCTGACTGTTGATC,0,20,77.6,-22.5,-172.6,23,0
Binary,dsDNA,1,1,8,49,29,32.22222222,ATCCCCGAGTCGTTCAAGGTGCTGCTCAAAGAACTGCAGTCGCTGTGCCTCAACGTCGAGGTGCTATCGAGTGACGGTGCGGCGATCGAA,73.3,-4.9,-93,ATCCCCGAGTCGTTCAAGGTGCTGCTCAAAGAACTGCAGTCGCTGTGCCTCAACGTCGAGGTGCTATCGAGTGACGGTGCGGCGATCGAA,73.3,-4.9,-93,57.77777778,96.7,-99.6,-755.5,AGTCGTTCAAGGTGCTGCTCAAAGAACTGCAGTCGCTGTGCC,63.4,-0.7,-29.4,42,54.76190476,TTGAGCAGCACCTTGAACGACT,0,20,73.9,-20.8,-172.3,22,GGCACAGCGACTGCAGTTCT,0,20,74.4,-20.4,-160.3,20,0,0,0,0,0,0,0,0
Binary,dsDNA,1,1,8,49,29,32.22222222,ATCCCCGAGTCGTTCAAGGTGCTGCTCAAAGAACTGCAGTCGCTGTGCCTCAACGTCGAGGTGCTATCGAGTGACGGTGCGGCGATCGAA,73.3,-4.9,-93,ATCCCCGAGTCGTTCAAGGTGCTGCTCAAAGAACTGCAGTCGCTGTGCCTCAACGTCGAGGTGCTATCGAGTGACGGTGCGGCGATCGAA,73.3,-4.9,-93,57.77777778,96.7,-99.6,-755.5,AGTCGTTCAAGGTGCTGCTCAAAGAACTGCAGTCGCTGTGCC,63.4,-0.7,-29.4,42,54.76190476,TTGAGCAGCACCTTGAACGACT,0,20,73.9,-20.8,-172.3,22,GGCACAGCGACTGCAGTTCT,0,40,74.4,-20.4,-160.3,20,0,0,0,0,0,0,0,0
Binary,dsDNA,1,1,8,49,29,32.22222222,ATCCCCGAGTCGTTCAAGGTGCTGCTCAAAGAACTGCAGTCGCTGTGCCTCAACGTCGAGGTGCTATCGAGTGACGGTGCGGCGATCGAA,73.3,-4.9,-93,ATCCCCGAGTCGTTCAAGGTGCTGCTCAAAGAACTGCAGTCGCTGTGCCTCAACGTCGAGGTGCTATCGAGTGACGGTGCGGCGATCGAA,73.3,-4.9,-93,57.77777778,96.7,-99.6,-755.5,AGTCGTTCAAGGTGCTGCTCAAAGAACTGCAGTCGCTGTGCC,63.4,-0.7,-29.4,42,54.76190476,TTGAGCAGCACCTTGAACGACT,0,40,73.9,-20.8,-172.3,22,GGCACAGCGACTGCAGTTCT,0,20,74.4,-20.4,-160.3,20,0,0,0,0,0,0,0,0
Binary,dsDNA,1.5,1,8,49,29,32.22222222,ATCCCCGAGTCGTTCAAGGTGCTGCTCAAAGAACTGCAGTCGCTGTGCCTCAACGTCGAGGTGCTATCGAGTGACGGTGCGGCGATCGAA,73.3,-4.9,-93,ATCCCCGAGTCGTTCAAGGTGCTGCTCAAAGAACTGCAGTCGCTGTGCCTCAACGTCGAGGTGCTATCGAGTGACGGTGCGGCGATCGAA,73.3,-4.9,-93,57.77777778,96.7,-99.6,-755.5,AGTCGTTCAAGGTGCTGCTCAAAGAACTGCAGTCGCTGTGCC,63.4,-0.7,-29.4,42,54.76190476,TTGAGCAGCACCTTGAACGACT,0,20,73.9,-20.8,-172.3,22,GGCACAGCGACTGCAGTTCT,0,20,74.4,-20.4,-160.3,20,0,0,0,0,0,0,0,0
Binary,dsDNA,2,1,8,49,29,32.22222222,ATCCCCGAGTCGTTCAAGGTGCTGCTCAAAGAACTGCAGTCGCTGTGCCTCAACGTCGAGGTGCTATCGAGTGACGGTGCGGCGATCGAA,73.3,-4.9,-93,ATCCCCGAGTCGTTCAAGGTGCTGCTCAAAGAACTGCAGTCGCTGTGCCTCAACGTCGAGGTGCTATCGAGTGACGGTGCGGCGATCGAA,73.3,-4.9,-93,57.77777778,96.7,-99.6,-755.5,AGTCGTTCAAGGTGCTGCTCAAAGAACTGCAGTCGCTGTGCC,63.4,-0.7,-29.4,42,54.76190476,TTGAGCAGCACCTTGAACGACT,0,20,73.9,-20.8,-172.3,22,GGCACAGCGACTGCAGTTCT,0,20,74.4,-20.4,-160.3,20,0,0,0,0,0,0,0,0
DNM,dsDNA,1.5,1,8,71,29,32.22222222,ATCCCCGAGTCGTTCAAGGTGCTGCTCAAAGAACTGCAGTCGCTGTGCCTCAACGTCGAGGTGCTATCGAGTGACGGTGCGGCGATCGAA,73.3,-4.9,-93,ATCCCCGAGTCGTTCAAGGTGCTGCTCAAAGAACTGCAGTCGCTGTGCCTCAACGTCGAGGTGCTATCGAGTGACGGTGCGGCGATCGAA,73.3,-4.9,-93,57.77777778,96.7,-99.6,-755.5,AGTCGTTCAAGGTGCTGCTCAAAGAACTGCAGTCGCTGTGCC,63.4,-0.7,-29.4,42,54.76190476,TTGAGCAGCACCTTGAACGACT,0,20,73.9,-20.8,-172.3,22,GGCACAGCGACTGCAGTTCT,0,20,74.4,-20.4,-160.3,20,CTCGATAGCACCTCGACGTTGA,0,20,73.6,-20.9,-176.2,22,0
DNM,dsDNA,2,1,8,71,29,32.22222222,ATCCCCGAGTCGTTCAAGGTGCTGCTCAAAGAACTGCAGTCGCTGTGCCTCAACGTCGAGGTGCTATCGAGTGACGGTGCGGCGATCGAA,73.3,-4.9,-93,ATCCCCGAGTCGTTCAAGGTGCTGCTCAAAGAACTGCAGTCGCTGTGCCTCAACGTCGAGGTGCTATCGAGTGACGGTGCGGCGATCGAA,73.3,-4.9,-93,57.77777778,96.7,-99.6,-755.5,AGTCGTTCAAGGTGCTGCTCAAAGAACTGCAGTCGCTGTGCC,63.4,-0.7,-29.4,42,54.76190476,TTGAGCAGCACCTTGAACGACT,0,20,73.9,-20.8,-172.3,22,GGCACAGCGACTGCAGTTCT,0,20,74.4,-20.4,-160.3,20,CTCGATAGCACCTCGACGTTGA,0,20,73.6,-20.9,-176.2,22,0
Binary,dsDNA,1,1,6,42,24,30.37974684,AAAACAGCCGCTAGTCCTAGTCCGAGTCGCCCGCAAAGTTCCTCGAATAACTCCGTACCCGGAGCGCCAAACCGGGTCT,73.9,-4.6,-84.9,AGCCGCTAGTCCTAGTCCGAGTCGCCCGCAAAGTTCCTCG,73.9,-4.6,-84.9,62.5,96.7,-86.9,-642.9,AGCCGCTAGTCCTAGTCCGAGTCGCCCGCAAAGTTCC,41,1,-23.5,37,62.16216216,CGGACTAGGACTAGCGGCT,0,20,71.8,-18.7,-149,19,GGAACTTTGCGGGCGACT,0,20,71.8,-18.4,-143.4,18,0,0,0,0,0,0,0,0
DNM,dsDNA,1,1,6,66,24,30.37974684,AAAACAGCCGCTAGTCCTAGTCCGAGTCGCCCGCAAAGTTCCTCGAATAACTCCGTACCCGGAGCGCCAAACCGGGTCT,73.9,-4.6,-84.9,AGCCGCTAGTCCTAGTCCGAGTCGCCCGCAAAGTTCCTCG,73.9,-4.6,-84.9,62.5,96.7,-86.9,-642.9,AGCCGCTAGTCCTAGTCCGAGTCGCCCGCAAAGTTCC,41,1,-23.5,37,62.16216216,CGGACTAGGACTAGCGGCT,0,20,71.8,-18.7,-149,19,GGAACTTTGCGGGCGACT,0,20,71.8,-18.4,-143.4,18,CGCTCGGGTACGGAGTTATTCGA,CGCT tCGGGTACGGAGTT ATTCGA,20,75.8,-22.4,-184.9,23,0
