type_sensor,type_core,type_analyte,temp_C,incube_time_H,Na_mM,Mg_mM,analyte_nM,sensor_nM,f_sub_nM,whole_seq,1arm_mod_seq,1arm_nM,2arm_mod_seq,2arm_nM,3arm_mod_seq,3arm_nM,4_1arm_mod_seq,4arm_nM,ctrl_neg,ctrl_pos,results_ref,sensor_ref
Binary,DNAzyme,dsDNA,55,1,200,200,10,20,200,TGCCTTAGCATCGGAAGCTGTACCAAGATTTAATCAAGGGGAAGTTAATTTCTTTGGAAGCCAGCCTTGTCCGAAACCGG,TGCCCAGGGAGGCTAGCTTCCCCTTGATTAAATCTTGGTACA,20,AGGCTGGCTTCCAAAGAAATTAACTACAACGAGAGGAAACCTT,20,,,,,364.33,342,Копия results CSP DNAzymes ,H.inf sensor 1 DZ.docx
Binary,DNAzyme,dsDNA,55,1,200,200,10,20,200,TGCCTTAGCATCGGAAGCTGTACCAAGATTTAATCAAGGGGAAGTTAATTTCTTTGGAAGCCAGCCTTGTCCGAAACCGG,TGCCCAGGGAGGCTAGCTTCCCCTTGATTAAATCTTGGTACA,40,AGGCTGGCTTCCAAAGAAATTAACTACAACGAGAGGAAACCTT,20,,,,,364.33,353.33,Копия results CSP DNAzymes ,H.inf sensor 1 DZ.docx
Binary,DNAzyme,dsDNA,55,1,200,200,10,20,200,TGCCTTAGCATCGGAAGCTGTACCAAGATTTAATCAAGGGGAAGTTAATTTCTTTGGAAGCCAGCCTTGTCCGAAACCGG,TGCCCAGGGAGGCTAGCTTCCCCTTGATTAAATCTTGGTACA,20,AGGCTGGCTTCCAAAGAAATTAACTACAACGAGAGGAAACCTT,40,,,,,364.33,436.00,Копия results CSP DNAzymes ,H.inf sensor 1 DZ.docx
Binary,DNAzyme,dsDNA,55,1,200,200,10,20,200,AATGCAACGCCAGCTGCTAAAGTATTAGTAGAAGGTAACACTGATGAACGTGGTACACCAGAATACAACATCGCATTAGGCCAACGTCGTGC,TGCCCAGGGAGGCTAGCTAGTGTTACCTTCTACTAATACTTTAGC,20,CTGGTGTACCACGTTCATCACAACGAGAGGAAACCTT,20,,,,,395,1252.33,Копия results CSP DNAzymes ,Hinf.docx
Binary,DNAzyme,dsDNA,55,1,200,200,10,20,200,AGTGCCATTGATTTTCTCAAACTTGTCTTTTGGATAAGAGCCGTCTGAATGTACGTACCAGTAGCCAGTGTCATTCTTCTGCCAGCCTGTT,TGCCCAGGGAGGCTAGCTAAAGACAAGTTTGAGAAAATCAATGG,20,ACATTCAGACGGCTCTTATCCAACAACGAGAGGAAACCTT,20,,,,,339,411.67,Копия results CSP DNAzymes ,S.pnu.docx
Binary,DNAzyme,dsDNA,55,1,200,200,10,20,200,AGTGCCATTGATTTTCTCAAACTTGTCTTTTGGATAAGAGCCGTCTGAATGTACGTACCAGTAGCCAGTGTCATTCTTCTGCCAGCCTGTT,TGCCCAGGGAGGCTAGCTAAAGACAAGTTTGAGAAAATCAATGG,40,ACATTCAGACGGCTCTTATCCAACAACGAGAGGAAACCTT,20,,,,,339,423.33,Копия results CSP DNAzymes ,S.pnu.docx
Binary,DNAzyme,dsDNA,55,1,200,200,10,20,200,AGTGCCATTGATTTTCTCAAACTTGTCTTTTGGATAAGAGCCGTCTGAATGTACGTACCAGTAGCCAGTGTCATTCTTCTGCCAGCCTGTT,TGCCCAGGGAGGCTAGCTAAAGACAAGTTTGAGAAAATCAATGG,20,ACATTCAGACGGCTCTTATCCAACAACGAGAGGAAACCTT,40,,,,,339,515.67,Копия results CSP DNAzymes ,S.pnu.docx
Binary,DNAzyme,dsDNA,55,1.5,200,200,10,20,200,AGTGCCATTGATTTTCTCAAACTTGTCTTTTGGATAAGAGCCGTCTGAATGTACGTACCAGTAGCCAGTGTCATTCTTCTGCCAGCCTGTT,TGCCCAGGGAGGCTAGCTAAAGACAAGTTTGAGAAAATCAATGG,20,ACATTCAGACGGCTCTTATCCAACAACGAGAGGAAACCTT,20,,,,,454.83,468.33,Копия results CSP DNAzymes ,S.pnu.docx
Binary,DNAzyme,dsDNA,55,2,200,200,10,20,200,AGTGCCATTGATTTTCTCAAACTTGTCTTTTGGATAAGAGCCGTCTGAATGTACGTACCAGTAGCCAGTGTCATTCTTCTGCCAGCCTGTT,TGCCCAGGGAGGCTAGCTAAAGACAAGTTTGAGAAAATCAATGG,20,ACATTCAGACGGCTCTTATCCAACAACGAGAGGAAACCTT,20,,,,,655.5,572,Копия results CSP DNAzymes ,S.pnu.docx
Binary,DNAzyme,dsDNA,55,1,200,200,10,20,200,CAAAGTAGTACCAAGTGCCATTGATTTTCTCAAACTTGTCTTTTGGATAAGAGCCGTCTGAATGTACGTACCAGTAGCCAGTGT,TGCCCAGGGAGGCTAGCTCAAAAGACAAGTTTGAGAAAATCAATGG,20,ACATTCAGACGGCTCTTATCACAACGAGAGGAAACCTT,20,,,,,610.67,2028.33,Копия results CSP DNAzymes ,S.pne2.docx
DNM,DNAzyme,dsDNA,55,1,200,200,10,20,200,CAAAGTAGTACCAAGTGCCATTGATTTTCTCAAACTTGTCTTTTGGATAAGAGCCGTCTGAATGTACGTACCAGTAGCCAGTGT,TGCCCAGGGAGGCTAGCTCAAAAGACAAGTTTGAGAAAATCAATGG,20,AGACTAGCAGAGAGGTGACAGTAGTCAGCTTTTTTACATTCAGACGGCTCTTATCACAACGAGAGGAAACCTT,20,ACACTGGCTACTGGTACGTTTTTTTGCTGACTACTGTCACCTCTCTGCTAGTCT,20,,,643,2006.67,Копия results CSP DNAzymes ,S.pne2.docx
Binary,DNAzyme,ssDNA,55,1,200,200,1,20,200,GATGTGGTTACCATGATTACCAATCCCTATACCTTTACGTCTATGGGTGCGGTGGGGAGAACACAAGAAATCGGTTTTTCAGCCAGAGGCTTATC,TGCCCAGGGAGGCTAGCTATAGACGTAAAGGTATAGGGATTGGTA,20,TTCTCCCCACCGCACCCACAACGAGAGGAAACCTT,20,,,,,261.33,222.67,Копия results CSP DNAzymes ,N.men.docx
DNM,DNAzyme,ssDNA,55,1,200,200,1,20,200,GATGTGGTTACCATGATTACCAATCCCTATACCTTTACGTCTATGGGTGCGGTGGGGAGAACACAAGAAATCGGTTTTTCAGCCAGAGGCTTATC,TGCCCAGGGAGGCTAGCTATAGACGTAAAGGTATAGGGATTGGTA,20,GTCAGGTGACAGTAGTCTGCTTTTTTTTCTCCCCACCGCACCCACAACGAGAGGAAACCTT,20,CCTCTGGCTGAAAAACCGATTTCTTGTGTTTTTTGCAGACTACTGTCACCTGAC,20,,,178,645,Копия results CSP DNAzymes ,N.men.docx
Binary,DNAzyme,ssDNA,55,3,200,200,1,20,200,GATGTGGTTACCATGATTACCAATCCCTATACCTTTACGTCTATGGGTGCGGTGGGGAGAACACAAGAAATCGGTTTTTCAGCCAGAGGCTTATC,TGCCCAGGGAGGCTAGCTATAGACGTAAAGGTATAGGGATTGGTA,20,GTCAGGTGACAGTAGTCTGCTTTTTTTTCTCCCCACCGCACCCACAACGAGAGGAAACCTT,20,,,,,269.33,438.67,Копия results CSP DNAzymes ,N.men.docx
DNM,DNAzyme,ssDNA,55,3,200,200,1,20,200,GATGTGGTTACCATGATTACCAATCCCTATACCTTTACGTCTATGGGTGCGGTGGGGAGAACACAAGAAATCGGTTTTTCAGCCAGAGGCTTATC,TGCCCAGGGAGGCTAGCTATAGACGTAAAGGTATAGGGATTGGTA,20,GTCAGGTGACAGTAGTCTGCTTTTTTTTCTCCCCACCGCACCCACAACGAGAGGAAACCTT,20,CCTCTGGCTGAAAAACCGATTTCTTGTGTTTTTTGCAGACTACTGTCACCTGAC,20,,,160.67,168.67,Копия results CSP DNAzymes ,N.men.docx
Binary,DNAzyme,dsDNA,55,1,200,200,10,20,200,TTACTCGCAGAAAGAGCTGCGTTCCAGCAACGTTTTTGACCTCGAAGAGATCATGCGCGAATTCAACTCGTACAAGCAGCGGGTAAAGTACGTGGAGGACAAGGTAGTCGAC,TGCCCAGGGAGGCTAGCTAGTTGAATTCGCGCATGATCTCT,20,TACTTTACCCGCTGCTTGTACGACAACGAGAGGAAACCTT,20,,,,,455.67,1229.67,Копия results CSP DNAzymes ,CMV 2.docx
DNM,DNAzyme,dsDNA,55,1,200,200,10,20,200,TTACTCGCAGAAAGAGCTGCGTTCCAGCAACGTTTTTGACCTCGAAGAGATCATGCGCGAATTCAACTCGTACAAGCAGCGGGTAAAGTACGTGGAGGACAAGGTAGTCGAC,TGCCCAGGGAGGCTAGCTAGTTGAATTCGCGCATGATCTCT,20,AGACTAGCAGAGAGGTGACAGTAGTCAGCTTTTTTTACTTTACCCGCTGCTTGTACGACAACGAGAGGAAACCTT,20,GTCGACTACCTTGTCCTCCACGTTTTTTGCTGACTACTGTCACCTCTCTGCTAGTCT,20,,,440.67,1652.67,Копия results CSP DNAzymes ,CMV 2.docx
Binary,DNAzyme,dsDNA,55,1,200,200,10,200,200,TTACTCGCAGAAAGAGCTGCGTTCCAGCAACGTTTTTGACCTCGAAGAGATCATGCGCGAATTCAACTCGTACAAGCAGCGGGTAAAGTACGTGGAGGACAAGGTAGTCGAC,TGCCCAGGGAGGCTAGCTAGTTGAATTCGCGCATGATCTCT,200,TACTTTACCCGCTGCTTGTACGACAACGAGAGGAAACCTT,200,,,,,2165.67,4050.33,Копия results CSP DNAzymes ,CMV 2.docx
Binary,DNAzyme,amplicon,55,1,200,200,10,200,200,TTACTCGCAGAAAGAGCTGCGTTCCAGCAACGTTTTTGACCTCGAAGAGATCATGCGCGAATTCAACTCGTACAAGCAGCGGGTAAAGTACGTGGAGGACAAGGTAGTCGAC,TGCCCAGGGAGGCTAGCTAGTTGAATTCGCGCATGATCTCT,200,TACTTTACCCGCTGCTTGTACGACAACGAGAGGAAACCTT,200,,,,,2165.67,2881,Копия results CSP DNAzymes ,CMV 2.docx
Binary,DNAzyme,dsDNA,55,1,200,200,1,20,200,CATTTGCCCAACGACTCGCTTTCGCAGGCCGGGGCGCACAGCTTAACGCCGCTGAGCATGGACGTGATCCGACTGGGCGAAAA,TGCCCAGGGAGGCTAGCTCGGCCTGCGAAAGCGAG,20,GTGTTAAGCTGTGCGCCCACAACGAGAGGAAACCTT,20,,,,,322.67,1251.33,Копия results CSP DNAzymes ,CMV 3.docx
DNM,DNAzyme,dsDNA,55,1,200,200,1,20,200,CATTTGCCCAACGACTCGCTTTCGCAGGCCGGGGCGCACAGCTTAACGCCGCTGAGCATGGACGTGATCCGACTGGGCGAAAA,TGCCCAGGGAGGCTAGCTCGGCCTGCGAAAGCGAG,20,AGACTAGCAGAGAGGTGTAATGACATAGTTTTTTTGCGTTAAGCTGTGCGCCCACAACGAGAGGAAACCTT,20,TCACGTCCATGCTCAGCGTTTTTTGCTATGTCATTACACCTCTCTGCTAGTCT,20,,,441.33,434,Копия results CSP DNAzymes ,CMV 3.docx
,G-quadruplex,ssDNA,23,1,170,50,1,20,200,CAAGTATGCTGGGGGGTGGTTTCACTGGCACGATTGGGCAGGAACAGACCTTTCTATTCCCAGGGAAATTTGGTCTCGCCTCTCTGAACGCATTGTGAGGGATGGGCTTTT,,20,GGGTTGGGTTTTTTCCTGGGAATAGAAAGACC,20,CTATTATAGAGTACTCAATTCTTCTCATCGTTTTTTGGCGAGACCAAATTTCTTTTTTGGGTAGGG,20,TCACAATGCGTTCAGAGATTTTTTCGATGAGAAGAATTGAGTACTCTATAATAGTTTTTTGTCTGTTCCTGCCC,20,45.10,139.9,,approved Human Gammaherpesvirus 4 (EBV) new sensor 1 
,G-quadruplex,ssDNA,23,1,170,50,1,20,200,GAGCACTTGGTCAGGCACACGGACAGGGTCAGCGGAGGACGCGTGGCACAGCAGCCCGGGGTAGGTCCCCTGGACCTGCCGCTGGCGGACTACGCCTTCGTTGC,,20,GGGTTGGGTTTTTTCGTCCTCCGCTGACC,20,CAATTATCTATAATAACTAATATACTATTTTTTGGCTGCTGTGCCACGTTTTTTGGGTTGGG,20,GGGACCTACCCCGTTTTTTGATATTTATATTGTATTATATATAGATGTTTTTTCTGTCCGTGTGCCTGACCA,20,42,140,,approved EBV sensor 2.docx
,G-quadruplex,ssDNA,23,1,170,50,1,20,200,AAAGCCTCCTGGCGGCCTTCACGAATGCCGGATGCCTGTGCCGACGGGTGTTCTTTCGCGAGGTTAGGGACAACACGTT,,20,GGGTTGGGTTTTTTAACACCCGTCGGCAC,10,CATATTTATTATCTATATCTTTATATGTATATTTATTTTTTAACCTCGCGAAAGTTTTTTGGGTTGGG,20,AACGTGTTGTCCCTTTTTTTTAAATATACATATAAAGATATAGATAATAAATATGTTTTTTAGGCATCCGGCATTCGTGAA,20,35,145,,approved EBV sensor 3 corrected.docx
Binary,DNAzyme,dsDNA,55,1,200,200,10,200,200,GAGCACTTGGTCAGGCACACGGACAGGGTCAGCGGAGGACGCGTGGCACAGCAGCCCGGGGTAGGTCCCCTGGACCTGCCGCTGGCGGACTACGCCTTCGTTGC,TGCCCAGGGAGGCTAGCTCTGTCCGTGTGCCTGACCA,200,CGCGTCCTCCGCTGACCACAACGAGAGGAAACCTT,200,,,,,3760.33,4049.67,Копия results CSP DNAzymes ,EBV 2.docx
Binary,DNAzyme,amplicon,55,1,200,200,10,200,200,GAGCACTTGGTCAGGCACACGGACAGGGTCAGCGGAGGACGCGTGGCACAGCAGCCCGGGGTAGGTCCCCTGGACCTGCCGCTGGCGGACTACGCCTTCGTTGC,TGCCCAGGGAGGCTAGCTCTGTCCGTGTGCCTGACCA,200,CGCGTCCTCCGCTGACCACAACGAGAGGAAACCTT,200,,,,,3760.33,4968,Копия results CSP DNAzymes ,EBV 2.docx
DNM,DNAzyme,dsDNA,55,1,200,200,10,200,200,GAGCACTTGGTCAGGCACACGGACAGGGTCAGCGGAGGACGCGTGGCACAGCAGCCCGGGGTAGGTCCCCTGGACCTGCCGCTGGCGGACTACGCCTTCGTTGC,TGCCCAGGGAGGCTAGCTCTGTCCGTGTGCCTGACCA,200,AGACTAGCAGAGAGGTGACAGTAGTCAGCTTTTTTCGCGTCCTCCGCTGACCACAACGAGAGGAAACCTT,200,CCGGGCTGCTGTGCCATTTTTTGCTGACTACTGTCACCTCTCTGCTAGTCT,200,,,3055.33,4382.33,Копия results CSP DNAzymes ,EBV 2.docx
DNM,DNAzyme,amplicon,55,1,200,200,10,200,200,GAGCACTTGGTCAGGCACACGGACAGGGTCAGCGGAGGACGCGTGGCACAGCAGCCCGGGGTAGGTCCCCTGGACCTGCCGCTGGCGGACTACGCCTTCGTTGC,TGCCCAGGGAGGCTAGCTCTGTCCGTGTGCCTGACCA,200,AGACTAGCAGAGAGGTGACAGTAGTCAGCTTTTTTCGCGTCCTCCGCTGACCACAACGAGAGGAAACCTT,200,CCGGGCTGCTGTGCCATTTTTTGCTGACTACTGTCACCTCTCTGCTAGTCT,200,,,3055.33,4891.33,Копия results CSP DNAzymes ,EBV 2.docx
Binary,DNAzyme,dsDNA,55,1,200,200,10,20,200,AAAGCCTCCTGGCGGCCTTCACGAATGCCGGATGCCTGTGCCGACGGGTGTTCTTTCGCGAGGTTAGGGACAACACGTT,TGCCCAGGGAGGCTAGCTGCATTCGTGAAGGCCGCGA,20,CCTCGGCACAGGCATCCGACAACGAGAGGAAACCTT,20,,,,,405.33,1387.33,Копия results CSP DNAzymes ,ebv 3-2.docx
DNM,DNAzyme,dsDNA,55,1,200,200,10,20,200,AAAGCCTCCTGGCGGCCTTCACGAATGCCGGATGCCTGTGCCGACGGGTGTTCTTTCGCGAGGTTAGGGACAACACGTT,TGCCCAGGGAGGCTAGCTGCATTCGTGAAGGCCGCCA,20,ACTAGCGAGAGGTGACACGTCAAGTAGGCTGTTTTTTCCTCGGCACAGGCATCCGACAACGAGAGGAAACCTT,20,CCCTAACCTCGCGAAAGAACACCTTTTTTCAGCCTACTTGACGTGTCACCTCTCGCTAGT,20,,,389.33,2095.67,Копия results CSP DNAzymes ,ebv 3-2.docx
Binary,DNAzyme,dsDNA,55,1,200,200,10,20,200,TGTGATTGAAGCAATCACTTTTTCAACTCAACATTTAGCAAATAAGGTTAGTCAAGCAAATATTGATATGGGATTTGGGATAACTAAGCTAGTTATTC,TGCCCAGGGAGGCTAGCTGTTGAGTTGAAAAAGTGATTGCTTC,20,TTTGCTTGACTAACCTTATTTGCTAAATACAACGAGAGGAAACCTT,20,,,,,504.67,1409,Копия results CSP DNAzymes ,S.aga.docx
DNM,DNAzyme,dsDNA,55,1,200,200,10,20,200,TGTGATTGAAGCAATCACTTTTTCAACTCAACATTTAGCAAATAAGGTTAGTCAAGCAAATATTGATATGGGATTTGGGATAACTAAGCTAGTTATTC,TGCCCAGGGAGGCTAGCTGTTGAGTTGAAAAAGTGATTGCT,20,AGACTAGGTGAGAGTGACACGTAGATGCTGCTTTTTTGCTTGACTAACCTTATTTGCTAAATACAACGAGAGGAAACCTT,20,TCCCAAATCCCATATCAATATTTTTTTTTGCAGCATCTACGTGTCACTCTCACCTAGTCT,20,,,397.67,1795.33,Копия results CSP DNAzymes ,S.aga.docx
Binary,DNAzyme,dsDNA,55,1,200,200,10,20,200,AATTGCCGGTAGAGCTATTACCATCAAATGTTCCTATGGAAATTATAGAGTTGATGTCAACAGGTCGGTTCGAATGTGGGATAACACATT,TGCCCAGGGAGGCTAGCTATGGTAATAGCTCTACCGGCA,20,TCAACTCTATAATTTCCATAGGAACATTTGACAACGAGAGGAAACCTT,20,,,,,347.33,410.33,Копия results CSP DNAzymes ,S.aga 3.docx
DNM,DNAzyme,dsDNA,55,1,200,200,10,20,200,AATTGCCGGTAGAGCTATTACCATCAAATGTTCCTATGGAAATTATAGAGTTGATGTCAACAGGTCGGTTCGAATGTGGGATAACACATT,TGCCCAGGGAGGCTAGCTATGGTAATAGCTCTACCGGCA,20,AGACTAGCAGAGAGGTGACAGTAGTCAGTTTTTTTTCAACTCTATAATTTCCATAGGAACATTTGACAACGAGAGGAAACCTT,20,CATTCGAACCGACCTGTTGACATTTTTTGCTGACTACTGTCACCTCTCTGCTAGTCT,20,,,568.33,537.67,Копия results CSP DNAzymes ,S.aga 3.docx
Binary,DNAzyme,dsDNA,55,1,200,200,10,20,200,CAGGTTCAGGTAAAACAGCTGTACTAGTTGAGCGTATTATCCAAAAGATTTTACGTGATGGCATTGATGTCGATCGACTTTTAGTCGTAACGTTTACAAACTTAAGCGCACGTGAAATGAAG,TGCCCAGGGAGGCTAGCTCAATGCCATCACGTAAAATCTTTTGG,20,GTTACGACTAAAAGTCGATCGACATACAACGAGAGGAAACCTT,20,,,,,408.33,1661,Копия results CSP DNAzymes ,S.aure.docx
DNM,DNAzyme,dsDNA,55,1,200,200,10,20,200,CAGGTTCAGGTAAAACAGCTGTACTAGTTGAGCGTATTATCCAAAAGATTTTACGTGATGGCATTGATGTCGATCGACTTTTAGTCGTAACGTTTACAAACTTAAGCGCACGTGAAATGAAG,CTTCATTTCACGTGCGCTTAAGTTTGTAAACTTTTTTGCAGACTACTGTCACTCTCACCTAGTCT,20,AGACTAGGTGAGAGTGACAGTAGTCTGCTTTTTTGTTACGACTAAAAGTCGATCGACATACAACGAGAGGAAACCTT,20,CTTCATTTCACGTGCGCTTAAGTTTGTAAACTTTTTTGCAGACTACTGTCACTCTCACCTAGTCT,20,,,435,1385.67,Копия results CSP DNAzymes ,S.aure.docx
Binary,DNAzyme,dsDNA,55,1,200,200,10,20,200,ATGTTGTTGAAAAATATCTTGAGTGTTCTTGCTTTCGCTTTATTAATTGATGCTGCTCCAGTTAAAAGATCTCCAGGGTTTGTTACCTTAGACTTTAATGTCAAAAG,TGCCCAGGGAGGCTAGCTGCGAAAGCAAGAACACTCAAGATAT,20,AACTGGAGCAGCATCAATTAATAAAACAACGAGAGGAAACCTT,20,,,,,403.67,1008,Копия results CSP DNAzymes ,C.alb.docx
DNM,DNAzyme,dsDNA,55,1,200,200,10,20,200,ATGTTGTTGAAAAATATCTTGAGTGTTCTTGCTTTCGCTTTATTAATTGATGCTGCTCCAGTTAAAAGATCTCCAGGGTTTGTTACCTTAGACTTTAATGTCAAAAG,TGCCCAGGGAGGCTAGCTGCGAAAGCAAGAACACTCAAGATAT,20,ACGTTAGATGACTAGATACGATGCTTTTTTAACTGGAGCAGCATCAATTAATAAAACAACGAGAGGAAACCTT,20,TCTAAGGTAACAAACCCTGGAGATCTTTTTTTTTTGCATCGTATCTAGTCATCTAACGT,20,,,456,1143.67,Копия results CSP DNAzymes ,C.alb.docx
Binary,DNAzyme,ssDNA,55,1,200,200,1,20,200,GAAAAAAATAATGCTAGTTTTTATTACACTTATATTAGTTAGTCTACCAATTGCGCAACAAACTGAAGCAAAGGATGCATCTGCATTCAATAAAGAAAATTCAATTTCATCCAT,TGCCCAGGGAGGCTAGCTCGCAATTGGTAGACTAACTAATATAA,20,GCATCCTTTGCTTCAGTTTGTTGACAACGAGAGGAAACCTT,20,,,,,334,530.67,Копия results CSP DNAzymes ,L.mono.docx
DNM,DNAzyme,ssDNA,55,1,200,200,1,20,200,GAAAAAAATAATGCTAGTTTTTATTACACTTATATTAGTTAGTCTACCAATTGCGCAACAAACTGAAGCAAAGGATGCATCTGCATTCAATAAAGAAAATTCAATTTCATCCAT,TGCCCAGGGAGGCTAGCTATTGGTAGACTAACTAATATAAGTGTAA,20,ATATAGAGTGACAGTAGATCTGTCTTTTTTGCTTCAGTTTGTTGCGCAACAACGAGAGGAAACCTT,20,CTTTATTGAATGCAGATGCATCCTTTTTTTTTGACAGATCTACTGTCACTCTATAT,20,,,256.67,498.33,Копия results CSP DNAzymes ,L.mono.docx
Binary,DNAzyme,ssDNA,55,3,200,200,1,20,200,GAAAAAAATAATGCTAGTTTTTATTACACTTATATTAGTTAGTCTACCAATTGCGCAACAAACTGAAGCAAAGGATGCATCTGCATTCAATAAAGAAAATTCAATTTCATCCAT,TGCCCAGGGAGGCTAGCTCGCAATTGGTAGACTAACTAATATAA,20,GCATCCTTTGCTTCAGTTTGTTGACAACGAGAGGAAACCTT,20,,,,,256,396.67,Копия results CSP DNAzymes ,L.mono.docx
DNM,DNAzyme,ssDNA,55,3,200,200,1,20,200,GAAAAAAATAATGCTAGTTTTTATTACACTTATATTAGTTAGTCTACCAATTGCGCAACAAACTGAAGCAAAGGATGCATCTGCATTCAATAAAGAAAATTCAATTTCATCCAT,TGCCCAGGGAGGCTAGCTATTGGTAGACTAACTAATATAAGTGTAA,20,ATATAGAGTGACAGTAGATCTGTCTTTTTTGCTTCAGTTTGTTGCGCAACAACGAGAGGAAACCTT,20,CTTTATTGAATGCAGATGCATCCTTTTTTTTTGACAGATCTACTGTCACTCTATAT,20,,,216.33,360.33,Копия results CSP DNAzymes ,L.mono.docx
Binary,DNAzyme,dsDNA,55,1,200,200,10,20,200,GAAAAAAATAATGCTAGTTTTTATTACACTTATATTAGTTAGTCTACCAATTGCGCAACAAACTGAAGCAAAGGATGCATCTGCATTCAATAAAGAAAATTCAATTTCATCCAT,TGCCCAGGGAGGCTAGCTCGCAATTGGTAGACTAACTAATATAA,20,GCATCCTTTGCTTCAGTTTGTTGACAACGAGAGGAAACCTT,20,,,,,307,1174.67,Копия results CSP DNAzymes ,L.mono.docx
Binary,DNAzyme,dsDNA,55,1,200,200,10,20,200,GAAAAAAATAATGCTAGTTTTTATTACACTTATATTAGTTAGTCTACCAATTGCGCAACAAACTGAAGCAAAGGATGCATCTGCATTCAATAAAGAAAATTCAATTTCATCCAT,TGCCCAGGGAGGCTAGCTCGCAATTGGTAGACTAACTAATATAA,40,GCATCCTTTGCTTCAGTTTGTTGACAACGAGAGGAAACCTT,20,,,,,307,1178.33,Копия results CSP DNAzymes ,L.mono.docx
Binary,DNAzyme,dsDNA,55,1,200,200,10,20,200,GAAAAAAATAATGCTAGTTTTTATTACACTTATATTAGTTAGTCTACCAATTGCGCAACAAACTGAAGCAAAGGATGCATCTGCATTCAATAAAGAAAATTCAATTTCATCCAT,TGCCCAGGGAGGCTAGCTCGCAATTGGTAGACTAACTAATATAA,20,GCATCCTTTGCTTCAGTTTGTTGACAACGAGAGGAAACCTT,40,,,,,307,1274.67,Копия results CSP DNAzymes ,L.mono.docx
Binary,DNAzyme,dsDNA,55,1,200,200,10,20,200,CTACTTTTAATCGAGAAACACCAGGAGTTCCCATTGCTTATACAACAAACTTCCTAAAAGACAATGAATTAGCTGTTATTAAAAACAACTCAGAATATA,TGCCCAGGGAGGCTAGCTGAAGTTTGTTGTATAAGCAATGG,20,ATAACAGCTAATTCATTGTCTTTTAGACAACGAGAGGAAACCTT,20,,,,,360.11,555.44,Копия results CSP DNAzymes ,L.mono DZ sensor 2.docx
Binary,DNAzyme,dsDNA,55,1,200,200,10,20,200,CTACTTTTAATCGAGAAACACCAGGAGTTCCCATTGCTTATACAACAAACTTCCTAAAAGACAATGAATTAGCTGTTATTAAAAACAACTCAGAATATA,TGCCCAGGGAGGCTAGCTGAAGTTTGTTGTATAAGCAATGG,40,ATAACAGCTAATTCATTGTCTTTTAGACAACGAGAGGAAACCTT,20,,,,,360.11,701.33,Копия results CSP DNAzymes ,L.mono DZ sensor 2.docx
Binary,DNAzyme,dsDNA,55,1,200,200,10,20,200,CTACTTTTAATCGAGAAACACCAGGAGTTCCCATTGCTTATACAACAAACTTCCTAAAAGACAATGAATTAGCTGTTATTAAAAACAACTCAGAATATA,TGCCCAGGGAGGCTAGCTGAAGTTTGTTGTATAAGCAATGG,20,ATAACAGCTAATTCATTGTCTTTTAGACAACGAGAGGAAACCTT,40,,,,,360.11,617.67,Копия results CSP DNAzymes ,L.mono DZ sensor 2.docx
DNM,DNAzyme,dsDNA,55,1,200,200,10,20,200,CTACTTTTAATCGAGAAACACCAGGAGTTCCCATTGCTTATACAACAAACTTCCTAAAAGACAATGAATTAGCTGTTATTAAAAACAACTCAGAATATA,TGCCCAGGGAGGCTAGCTGAAGTTTGTTGTATAAGCAATGGTTTTTTCGTAATAGCTAGTGAGAGATTCG,20,CTTTTAGGAAGTTTGTTGTATAAGCAATGACAACGAGAGGAAACCTT,20,GAACTCCTGGTGTTTCTCTTTTTTCGAATCTCCTACTAGCTATTACG,20,,,355.50,409.33,Копия results CSP DNAzymes ,L.mono DZ sensor 2.docx
Binary,DNAzyme,dsDNA,55,1,200,200,10,20,200,ATGGGGCTCTTTGGACTGACACGCTTTATCCATGAACATAAACTGGTTAAACCCAGCATCATTTCAACGCCACCCGGAGTTTTAACCCCCGTGGCGGTA,TGCCCAGGGAGGCTAGCTTATGTTCATGGATAAAGCGTGTC,20,TGATGCTGGGTTTAACCAGTTACAACGAGAGGAAACCTT,20,,,,,353.67,560.67,Копия results CSP DNAzymes ,VZV.docx
DNM,DNAzyme,dsDNA,55,1,200,200,10,20,200,ATGGGGCTCTTTGGACTGACACGCTTTATCCATGAACATAAACTGGTTAAACCCAGCATCATTTCAACGCCACCCGGAGTTTTAACCCCCGTGGCGGTA,TGCCCAGGGAGGCTAGCTTATGTTCATGGATAAAGCGTGTC,20,ATATAGAGTGACAGTAGATCTGTCTTTTTTTGATGCTGGGTTTAACCAGTTACAACGAGAGGAAACCTT,20,GGTTAAAACTCCGGGTGGCGTTGAAATTTTTTGACAGATCTACTGTCACTCTATAT,20,,,299,288.33,Копия results CSP DNAzymes ,VZV.docx
Binary,DNAzyme,dsDNA,55,1,200,200,10,20,200,ACATTGAGGCGGACGAGGCATGTGCAAACTTATTTCATACGCGTACAGTGGCTTTGGTTTATACGACAGATACTGATTTACTCTTCATGG,TGCCCAGGGAGGCTAGCTCGTATGAAATAAGTTTGCACATGC,20,TATAAACCAAAGCCACTGTACGACAACGAGAGGAAACCTT,20,,,,,419.67,377,Копия results CSP DNAzymes ,VZV 2.docx
DNM,DNAzyme,dsDNA,55,1,200,200,10,20,200,ACATTGAGGCGGACGAGGCATGTGCAAACTTATTTCATACGCGTACAGTGGCTTTGGTTTATACGACAGATACTGATTTACTCTTCATGG,TGCCCAGGGAGGCTAGCTCGTATGAAATAAGTTTGCACATGC,20,AGACTAGCAGAGAGGTGACAGTAGTCAGCTTTTTTTATAAACCAAAGCCACTGTACGACAACGAGAGGAAACCTT,20,CCATGAAGAGTAAATCAGTATCTGTCGTTTTTTGCTGACTACTGTCACCTCTCTGCTAGTCT,20,,,370.33,379.33,Копия results CSP DNAzymes ,VZV 2.docx
Binary,DNAzyme,dsDNA,55,1,200,200,10,20,200,CTGCATAAACGCCTGGGCCGCACAATGATTTACGTCACCCACGATCAGGTCGAAGCGATGACGCTGG,TGCCCAGGGAGGCTAGCTCGGCCCAGGCGTTTAT,20,TGGGTGACGTAAATCATTGTGACAACGAGAGGAAACCTT,20,,,,,338.67,339,Копия results CSP DNAzymes ,E.coli.docx
DNM,DNAzyme,dsDNA,55,1,200,200,10,20,200,CTGCATAAACGCCTGGGCCGCACAATGATTTACGTCACCCACGATCAGGTCGAAGCGATGACGCTGG,TGCCCAGGGAGGCTAGCTCGGCCCAGGCGTTTAT,20,GCGTCAGGTGACAGTAGTCTTTTTTTTGGGTGACGTAAATCATTGTGACAACGAGAGGAAACCTT,20,TCATCGCTTCGACCTGATCGTTTTTTAGACTACTGTCACCTGACGC,20,,,433.33,404,Копия results CSP DNAzymes ,E.coli.docx
Binary,DNAzyme,dsDNA,55,1,200,200,10,200,200,GGTGGAGCTGCCGATGCCAAATCGTCAGCAAGTCTGGCTGCCAGTTGAAAGCCGTGATGTCCAGGTTGGAGCCAATATGTCGCTGGGTATTCGCCCG,TGCCCAGGGAGGCTAGCTCTTTCAACTGGCAGCCAGA,200,CCAACCTGGACATCACGGACAACGAGAGGAAACCTT,200,,,,,1527.33,5917,Копия results CSP DNAzymes ,Ecoli 2.docx
DNM,DNAzyme,dsDNA,55,1,200,200,10,200,200,GGTGGAGCTGCCGATGCCAAATCGTCAGCAAGTCTGGCTGCCAGTTGAAAGCCGTGATGTCCAGGTTGGAGCCAATATGTCGCTGGGTATTCGCCCG,TGCCCAGGGAGGCTAGCTCTTTCAACTGGCAGCCAGA,200,AGACTAGCAGAGAGGTGACAGTAGTCAGCTTTTTTCCAACCTGGACATCACGGACAACGAGAGGAAACCTT,200,CCCAGCGACATATTGGCTTTTTTTGCTGACTACTGTCACCTCTCTGCTAGTCT,200,,,1611.33,5347.33,Копия results CSP DNAzymes ,Ecoli 2.docx
Binary,DNAzyme,amplicon,55,1,200,200,10,200,200,GGTGGAGCTGCCGATGCCAAATCGTCAGCAAGTCTGGCTGCCAGTTGAAAGCCGTGATGTCCAGGTTGGAGCCAATATGTCGCTGGGTATTCGCCCG,TGCCCAGGGAGGCTAGCTCTTTCAACTGGCAGCCAGA,200,CCAACCTGGACATCACGGACAACGAGAGGAAACCTT,200,,,,,1527.33,8748,Копия results CSP DNAzymes ,Ecoli 2.docx
DNM,DNAzyme,amplicon,55,1,200,200,10,200,200,GGTGGAGCTGCCGATGCCAAATCGTCAGCAAGTCTGGCTGCCAGTTGAAAGCCGTGATGTCCAGGTTGGAGCCAATATGTCGCTGGGTATTCGCCCG,TGCCCAGGGAGGCTAGCTCTTTCAACTGGCAGCCAGA,200,AGACTAGCAGAGAGGTGACAGTAGTCAGCTTTTTTCCAACCTGGACATCACGGACAACGAGAGGAAACCTT,200,CCCAGCGACATATTGGCTTTTTTTGCTGACTACTGTCACCTCTCTGCTAGTCT,200,,,1611.33,8566,Копия results CSP DNAzymes ,Ecoli 2.docx
Binary,DNAzyme,dsDNA,55,1,200,200,10,20,200,CGATGACGCTGGCCGACAAAATCGTGGTGCTGGACGCCGGTCGCGTGGCGCAGGTTGGGAAACCGCTGGAGCTGT,TGCCCAGGGAGGCTAGCTCACCACGATTTTGTCGGCCA,20,CGCGACCGGCGTCCAGACAACGAGAGGAAACCTT,20,,,,,478.67,643.33,Копия results CSP DNAzymes ,E.coli 3.docx
DNM,DNAzyme,dsDNA,55,1,200,200,10,20,200,CGATGACGCTGGCCGACAAAATCGTGGTGCTGGACGCCGGTCGCGTGGCGCAGGTTGGGAAACCGCTGGAGCTGT,TGCCCAGGGAGGCTAGCTCACCACGATTTTGTCGGCCA,20,AGACTAGCAGAGAGGTGATGCATCAGTCGTTTTTTCGCGACCGGCGTCCAGACAACGAGAGGAAACCTT,20,GGTTTCCCAACCTGCGCCATTTTTTCGACTGATGCATCACCTCTCTGCTAGTCT,20,,,416,843,Копия results CSP DNAzymes ,E.coli 3.docx
Binary,DNAzyme,dsDNA,55,1,200,200,10,200,200,CGATGACGCTGGCCGACAAAATCGTGGTGCTGGACGCCGGTCGCGTGGCGCAGGTTGGGAAACCGCTGGAGCTGT,TGCCCAGGGAGGCTAGCTCACCACGATTTTGTCGGCCA,200,CGCGACCGGCGTCCAGACAACGAGAGGAAACCTT,200,,,,,2236.33,2740.33,Копия results CSP DNAzymes ,E.coli 3.docx
DNM,DNAzyme,dsDNA,55,1,200,200,10,200,200,CGATGACGCTGGCCGACAAAATCGTGGTGCTGGACGCCGGTCGCGTGGCGCAGGTTGGGAAACCGCTGGAGCTGT,TGCCCAGGGAGGCTAGCTCACCACGATTTTGTCGGCCA,200,AGACTAGCAGAGAGGTGATGCATCAGTCGTTTTTTCGCGACCGGCGTCCAGACAACGAGAGGAAACCTT,200,GGTTTCCCAACCTGCGCCATTTTTTCGACTGATGCATCACCTCTCTGCTAGTCT,200,,,2176.00,1999,Копия results CSP DNAzymes ,E.coli 3.docx
Binary,DNAzyme,amplicon,55,1,200,200,10,200,200,CGATGACGCTGGCCGACAAAATCGTGGTGCTGGACGCCGGTCGCGTGGCGCAGGTTGGGAAACCGCTGGAGCTGT,TGCCCAGGGAGGCTAGCTCACCACGATTTTGTCGGCCA,200,CGCGACCGGCGTCCAGACAACGAGAGGAAACCTT,200,,,,,2236.33,5530,Копия results CSP DNAzymes ,E.coli 3.docx
DNM,DNAzyme,amplicon,55,1,200,200,10,200,200,CGATGACGCTGGCCGACAAAATCGTGGTGCTGGACGCCGGTCGCGTGGCGCAGGTTGGGAAACCGCTGGAGCTGT,TGCCCAGGGAGGCTAGCTCACCACGATTTTGTCGGCCA,200,AGACTAGCAGAGAGGTGATGCATCAGTCGTTTTTTCGCGACCGGCGTCCAGACAACGAGAGGAAACCTT,200,GGTTTCCCAACCTGCGCCATTTTTTCGACTGATGCATCACCTCTCTGCTAGTCT,200,,,2176.00,4303.67,Копия results CSP DNAzymes ,E.coli 3.docx
Binary,DNAzyme,ssDNA,55,1,200,200,1,20,200,GACCGACGAATACCGGCGTGAGAAATTTTGTGATAAATTTAACCGTCAGCGAATCCTCTTCGTCCAGACGCACCGCAAACAGA,TGCCCAGGGAGGCTAGCTTTAAATTTATCACAAAATTTCTCACGCCGG,20,ACGAAGAGGATTCGCTGACGGACAACGAGAGGAAACCTT,20,,,,,187.67,581.67,Копия results CSP DNAzymes ,HH6 1.docx
DNM,DNAzyme,ssDNA,55,1,200,200,1,20,200,GACCGACGAATACCGGCGTGAGAAATTTTGTGATAAATTTAACCGTCAGCGAATCCTCTTCGTCCAGACGCACCGCAAACAGA,TGCCCAGGGAGGCTAGCTTTAAATTTATCACAAAATTTCTCACGCCGG,20,AGACTAGCAGAGAGGTGACAGTAGTCAGCTTTTTTACGAAGAGGATTCGCTGACGGACAACGAGAGGAAACCTT,20,CTGTTTGCGGTGCGTCTGGTTTTTTGCTGACTACTGTCACCTCTCTGCTAGTCT,20,,,196,784,Копия results CSP DNAzymes ,HH6 1.docx
Binary,DNAzyme,ssDNA,55,3,200,200,1,20,200,GACCGACGAATACCGGCGTGAGAAATTTTGTGATAAATTTAACCGTCAGCGAATCCTCTTCGTCCAGACGCACCGCAAACAGA,TGCCCAGGGAGGCTAGCTTTAAATTTATCACAAAATTTCTCACGCCGG,20,ACGAAGAGGATTCGCTGACGGACAACGAGAGGAAACCTT,20,,,,,138,497,Копия results CSP DNAzymes ,HH6 1.docx
DNM,DNAzyme,ssDNA,55,3,200,200,1,20,200,GACCGACGAATACCGGCGTGAGAAATTTTGTGATAAATTTAACCGTCAGCGAATCCTCTTCGTCCAGACGCACCGCAAACAGA,TGCCCAGGGAGGCTAGCTTTAAATTTATCACAAAATTTCTCACGCCGG,20,AGACTAGCAGAGAGGTGACAGTAGTCAGCTTTTTTACGAAGAGGATTCGCTGACGGACAACGAGAGGAAACCTT,20,CTGTTTGCGGTGCGTCTGGTTTTTTGCTGACTACTGTCACCTCTCTGCTAGTCT,20,,,160,24,Копия results CSP DNAzymes ,HH6 1.docx
Binary,DNAzyme,ssDNA,55,1,200,200,1,20,200,GTGCGCCTGTTTTATACCCCCTCTCCCAACTGTAACTTAGAAGTAACACACACCGATCAACAGTCAGCGTGGCACACCAG,TGCCCAGGGAGGCTAGCTTGGGAGAGGGGGTATAAAACAG,20,GGTGTGTGTTACTTCTAAGTTACAGTACAACGAGAGGAAACCTT,20,,,,,236.33,193.33,Копия results CSP DNAzymes ,COX.docx
DNM,DNAzyme,ssDNA,55,1,200,200,1,20,200,GTGCGCCTGTTTTATACCCCCTCTCCCAACTGTAACTTAGAAGTAACACACACCGATCAACAGTCAGCGTGGCACACCAG,TGCCCAGGGAGGCTAGCTTGGGAGAGGGGGTATAAAACAG,20,GTCAGGTGACAGTAGTCTGCTTTTTTGGTGTGTGTTACTTCTAAGTTACAGTACAACGAGAGGAAACCTT,20,GTGTGCCACGCTGACTGTTGATCTTTTTTGCAGACTACTGTCACCTGAC,20,,,343.67,205,Копия results CSP DNAzymes ,COX.docx
Binary,DNAzyme,ssDNA,55,3,200,200,1,20,200,GTGCGCCTGTTTTATACCCCCTCTCCCAACTGTAACTTAGAAGTAACACACACCGATCAACAGTCAGCGTGGCACACCAG,TGCCCAGGGAGGCTAGCTTGGGAGAGGGGGTATAAAACAG,20,GGTGTGTGTTACTTCTAAGTTACAGTACAACGAGAGGAAACCTT,20,,,,,179.67,323.67,Копия results CSP DNAzymes ,COX.docx
DNM,DNAzyme,ssDNA,55,3,200,200,1,20,200,GTGCGCCTGTTTTATACCCCCTCTCCCAACTGTAACTTAGAAGTAACACACACCGATCAACAGTCAGCGTGGCACACCAG,TGCCCAGGGAGGCTAGCTTGGGAGAGGGGGTATAAAACAG,20,GTCAGGTGACAGTAGTCTGCTTTTTTGGTGTGTGTTACTTCTAAGTTACAGTACAACGAGAGGAAACCTT,20,GTGTGCCACGCTGACTGTTGATCTTTTTTGCAGACTACTGTCACCTGAC,20,,,153.67,163,Копия results CSP DNAzymes ,COX.docx
Binary,DNAzyme,dsDNA,55,1,200,200,10,20,200,GTGCGCCTGTTTTATACCCCCTCTCCCAACTGTAACTTAGAAGTAACACACACCGATCAACAGTCAGCGTGGCACACCAG,TGCCCAGGGAGGCTAGCTTGGGAGAGGGGGTATAAAACAG,20,GGTGTGTGTTACTTCTAAGTTACAGTACAACGAGAGGAAACCTT,20,,,,,361.67,384.33,Копия results CSP DNAzymes ,COX.docx
Binary,DNAzyme,dsDNA,55,1,200,200,10,20,200,GTGCGCCTGTTTTATACCCCCTCTCCCAACTGTAACTTAGAAGTAACACACACCGATCAACAGTCAGCGTGGCACACCAG,TGCCCAGGGAGGCTAGCTTGGGAGAGGGGGTATAAAACAG,40,GGTGTGTGTTACTTCTAAGTTACAGTACAACGAGAGGAAACCTT,20,,,,,361.67,363.5,Копия results CSP DNAzymes ,COX.docx
Binary,DNAzyme,dsDNA,55,1,200,200,10,20,200,GTGCGCCTGTTTTATACCCCCTCTCCCAACTGTAACTTAGAAGTAACACACACCGATCAACAGTCAGCGTGGCACACCAG,TGCCCAGGGAGGCTAGCTTGGGAGAGGGGGTATAAAACAG,20,GGTGTGTGTTACTTCTAAGTTACAGTACAACGAGAGGAAACCTT,40,,,,,361.67,455,Копия results CSP DNAzymes ,COX.docx
DNM,DNAzyme,dsDNA,55,1,200,200,10,20,200,GTGCGCCTGTTTTATACCCCCTCTCCCAACTGTAACTTAGAAGTAACACACACCGATCAACAGTCAGCGTGGCACACCAG,TGCCCAGGGAGGCTAGCTTGGGAGAGGGGGTATAAAACAG,20,GTCAGGTGACAGTAGTCTGCTTTTTTGGTGTGTGTTACTTCTAAGTTACAGTACAACGAGAGGAAACCTT,20,GTGTGCCACGCTGACTGTTGATCTTTTTTGCAGACTACTGTCACCTGAC,20,,,416.33,257.67,Копия results CSP DNAzymes ,COX.docx
Binary,DNAzyme,dsDNA,55,1.5,200,200,10,20,200,GTGCGCCTGTTTTATACCCCCTCTCCCAACTGTAACTTAGAAGTAACACACACCGATCAACAGTCAGCGTGGCACACCAG,TGCCCAGGGAGGCTAGCTTGGGAGAGGGGGTATAAAACAG,20,GGTGTGTGTTACTTCTAAGTTACAGTACAACGAGAGGAAACCTT,20,,,,,378.17,418.67,Копия results CSP DNAzymes ,COX.docx
DNM,DNAzyme,dsDNA,55,1.5,200,200,10,20,200,GTGCGCCTGTTTTATACCCCCTCTCCCAACTGTAACTTAGAAGTAACACACACCGATCAACAGTCAGCGTGGCACACCAG,TGCCCAGGGAGGCTAGCTTGGGAGAGGGGGTATAAAACAG,20,GTCAGGTGACAGTAGTCTGCTTTTTTGGTGTGTGTTACTTCTAAGTTACAGTACAACGAGAGGAAACCTT,20,GTGTGCCACGCTGACTGTTGATCTTTTTTGCAGACTACTGTCACCTGAC,20,,,340.5,411.67,Копия results CSP DNAzymes ,COX.docx
Binary,DNAzyme,dsDNA,55,2,200,200,10,20,200,GTGCGCCTGTTTTATACCCCCTCTCCCAACTGTAACTTAGAAGTAACACACACCGATCAACAGTCAGCGTGGCACACCAG,TGCCCAGGGAGGCTAGCTTGGGAGAGGGGGTATAAAACAG,20,GGTGTGTGTTACTTCTAAGTTACAGTACAACGAGAGGAAACCTT,20,,,,,523.83,504.83,Копия results CSP DNAzymes ,COX.docx
DNM,DNAzyme,dsDNA,55,2,200,200,10,20,200,GTGCGCCTGTTTTATACCCCCTCTCCCAACTGTAACTTAGAAGTAACACACACCGATCAACAGTCAGCGTGGCACACCAG,TGCCCAGGGAGGCTAGCTTGGGAGAGGGGGTATAAAACAG,20,GTCAGGTGACAGTAGTCTGCTTTTTTGGTGTGTGTTACTTCTAAGTTACAGTACAACGAGAGGAAACCTT,20,GTGTGCCACGCTGACTGTTGATCTTTTTTGCAGACTACTGTCACCTGAC,20,,,487.17,562,Копия results CSP DNAzymes ,COX.docx
Binary,DNAzyme,dsDNA,55,1,200,200,10,20,200,ATCCCCGAGTCGTTCAAGGTGCTGCTCAAAGAACTGCAGTCGCTGTGCCTCAACGTCGAGGTGCTATCGAGTGACGGTGCGGCGATCGAA,TGCCCAGGGAGGCTAGCTTTGAGCAGCACCTTGAACGACT,20,GGCACAGCGACTGCAGTTCTACAACGAGAGGAAACCTT,20,,,,,346,373,Копия results CSP DNAzymes ,M.tub 1.docx
Binary,DNAzyme,dsDNA,55,1,200,200,10,20,200,ATCCCCGAGTCGTTCAAGGTGCTGCTCAAAGAACTGCAGTCGCTGTGCCTCAACGTCGAGGTGCTATCGAGTGACGGTGCGGCGATCGAA,TGCCCAGGGAGGCTAGCTTTGAGCAGCACCTTGAACGACT,40,GGCACAGCGACTGCAGTTCTACAACGAGAGGAAACCTT,20,,,,,346,478.33,Копия results CSP DNAzymes ,M.tub 1.docx
Binary,DNAzyme,dsDNA,55,1,200,200,10,20,200,ATCCCCGAGTCGTTCAAGGTGCTGCTCAAAGAACTGCAGTCGCTGTGCCTCAACGTCGAGGTGCTATCGAGTGACGGTGCGGCGATCGAA,TGCCCAGGGAGGCTAGCTTTGAGCAGCACCTTGAACGACT,20,GGCACAGCGACTGCAGTTCTACAACGAGAGGAAACCTT,40,,,,,346,469.33,Копия results CSP DNAzymes ,M.tub 1.docx
Binary,DNAzyme,dsDNA,55,1.5,200,200,10,20,200,ATCCCCGAGTCGTTCAAGGTGCTGCTCAAAGAACTGCAGTCGCTGTGCCTCAACGTCGAGGTGCTATCGAGTGACGGTGCGGCGATCGAA,TGCCCAGGGAGGCTAGCTTTGAGCAGCACCTTGAACGACT,20,GGCACAGCGACTGCAGTTCTACAACGAGAGGAAACCTT,20,,,,,390.83,372.83,Копия results CSP DNAzymes ,M.tub 1.docx
DNM,DNAzyme,dsDNA,55,1.5,200,200,10,20,200,ATCCCCGAGTCGTTCAAGGTGCTGCTCAAAGAACTGCAGTCGCTGTGCCTCAACGTCGAGGTGCTATCGAGTGACGGTGCGGCGATCGAA,TGCCCAGGGAGGCTAGCTTTGAGCAGCACCTTGAACGACT,20,AGACTAGCAGAGAGGTAGCCTAGCCTGGTATTTTTTGGCACAGCGACTGCAGTTCTACAACGAGAGGAAACCTT,20,CTCGATAGCACCTCGACGTTGATTTTTTTACCAGGCTAGGCTACCTCTCTGCTAGTCT,20,,,413.17,405.67,Копия results CSP DNAzymes ,M.tub 1.docx
Binary,DNAzyme,dsDNA,55,2,200,200,10,20,200,ATCCCCGAGTCGTTCAAGGTGCTGCTCAAAGAACTGCAGTCGCTGTGCCTCAACGTCGAGGTGCTATCGAGTGACGGTGCGGCGATCGAA,TGCCCAGGGAGGCTAGCTTTGAGCAGCACCTTGAACGACT,20,GGCACAGCGACTGCAGTTCTACAACGAGAGGAAACCTT,20,,,,,643.5,554.5,Копия results CSP DNAzymes ,M.tub 1.docx
DNM,DNAzyme,dsDNA,55,2,200,200,10,20,200,ATCCCCGAGTCGTTCAAGGTGCTGCTCAAAGAACTGCAGTCGCTGTGCCTCAACGTCGAGGTGCTATCGAGTGACGGTGCGGCGATCGAA,TGCCCAGGGAGGCTAGCTTTGAGCAGCACCTTGAACGACT,20,AGACTAGCAGAGAGGTAGCCTAGCCTGGTATTTTTTGGCACAGCGACTGCAGTTCTACAACGAGAGGAAACCTT,20,CTCGATAGCACCTCGACGTTGATTTTTTTACCAGGCTAGGCTACCTCTCTGCTAGTCT,20,,,543.83,557.5,Копия results CSP DNAzymes ,M.tub 1.docx
Binary,DNAzyme,dsDNA,55,1,200,200,10,20,200,AAAACAGCCGCTAGTCCTAGTCCGAGTCGCCCGCAAAGTTCCTCGAATAACTCCGTACCCGGAGCGCCAAACCGGGTCT,TGCCCAGGGAGGCTAGCTCGGACTAGGACTAGCGGCT,20,GGAACTTTGCGGGCGACTACAACGAGAGGAAACCTT,20,,,,,481.33,485,Копия results CSP DNAzymes ,Mtub.docx
DNM,DNAzyme,dsDNA,55,1,200,200,10,20,200,AAAACAGCCGCTAGTCCTAGTCCGAGTCGCCCGCAAAGTTCCTCGAATAACTCCGTACCCGGAGCGCCAAACCGGGTCT,TGCCCAGGGAGGCTAGCTCGGACTAGGACTAGCGGCT,20,AGACTAGGTGAGAGTGACACGTAGATGCTGCTTTTTTGGAACTTTGCGGGCGACTACAACGAGAGGAAACCTT,20,CGCTTCGGGTACGGAGTTATTCGATTTTTTGCAGCATCTACGTGTCACTCTCACCTAGTCT,20,,,483.33,442,Копия results CSP DNAzymes ,Mtub.docx
,G-quadruplex,dsDNA,23,1,200,50,10,20,200,CGTGTAGAAGCCTTAACAGATGTGATTGAAGCAATCACTTTTTCAACTCAACATTTAACAAATAAGGTTAGTCAAGCAAATATTGATATGGGATTTGGGATAACTAAG,,20,CCCAATTTGCTAAATGTTGAGTTTTTTGGTTGGG,20,GCATTATCTAAATCATATCATATCTCATCTAACTTTTTTTATTTGCTTGACTAACCTTTTTTTTGGTTGGG,20,TCCCAAATCCCATATCAATTTTTTGTTAGATGAGATATGATATGATTTAGATAATGCTTTTTTTTGAAAAAGTGATTGCT,20,20.7,307.2,Sensors results from GLEB,approved S. agalactiae sensor 1.docx
,G-quadruplex,dsDNA,23,1,200,50,10,20,200,GCTTCAGTTGATTCAATTAAAGCTCAAGTTAACGATGTAAAGGCATTAGAACAAAAAGTTTTAACTTATCCTGATTTAAAACCAACTGATAGAGCTACCATCTATAC,,20,CATCGTTAACTTGAGCTTTTTTGGGTTGGG,20,CGTATCCTATTATCATCATAACATCATCTAATATCGTTTTTTTTGTTCTAATGCCTTTATTTTTTGGGTTGGG,20,CAGGATAAGTTAAAACCTTTTTTTTCGATATTAGATGATGTTATGATGATAATAGGATACGTTTTTTTTTAATTGAATCAAC,20,83,256.6,Sensors results from GLEB,S. agalactiae sensor 2.docx
,G-quadruplex,dsDNA,23,1,200,50,10,20,200,AATTGCCGGTAGAGCTATTACCATCAAATGTTCCTATGGAAATTATAGAGTTGATGTCAACAGGTCGGTTCGAATGTGGGATAACACATT,,20,GGGTTGGGTTTTTTAACATTTGATGGTAA,20,ATCGAATACATATAGATCATATATAATACATTTTTTTAATTTCCATAGGTTTTTTGGGTTGGG,20,TTGACATCAACTCTATTTTTTTGTATTATATATGATCTATATGTATTCGATTTTTTTTAGCTCTACCGGCA,20,82.7,301.7,Sensors results from GLEB,approved S.ag redesigned.docx
,G-quadruplex,dsDNA,23,1,200,50,10,20,200,ATGGGGCTCTTTGGACTGACACGCTTTATCCATGAACATAAACTGGTTAAACCCAGCATCATTTCAACGCCACCCGGAGTTTTAACCCCCGTGGCGGTA,,20,GGGTTGGGTTTTTTTATGTTCATGGATA,20,CGAAAACTTTAATTATATCAACATGGTTTTTTGGGTTTAACCAGTTTTTTTTGGGTTGGG,20,GCGTTGAAATGATGCTTTTTTTCCATGTTGATATAATTAAAGTTTTCGTTTTTTAAGCGTGTCAGTCCAAA,20,79.9,247,Sensors results from GLEB,approved VZV sensor 1 corrected.docx
,G-quadruplex,dsDNA,23,1,200,50,10,20,200,ACATTGAGGCGGACGAGGCATGTGCAAACTTATTTCATACGCGTACAGTGGCTTTGGTTTATACGACAGATACTGATTTACTCTTCATGG,,20,GGGTTGGGTTTTTTACTGTACGCGTATGACCC,20,CGTATATCTATATGCTATCTACCTACTTGCTTTTTTTGTCGTATAAACCAAAGCCTTTTTTGGGTTGGG,20,GAGTAAATCAGTATCTTTTTTGCAAGTAGGTAGATAGCATATAGATATACGTTTTTTAAATAAGTTTGCA,20,79,269.4,Sensors results from GLEB,approved VZV sensor 2.docx
,G-quadruplex,dsDNA,23,1,200,50,10,20,200,GAAAAAAATAATGCTAGTTTTTATTACACTTATATTAGTTAGTCTACCAATTGCGCAACAAACTGAAGCAAAGGATGCATCTGCATTCAATAAAG,,20,GGATGGGTTTTTTTTGCGCAATTGGTAGACACCC,20,TTATTAGTACACCTATATCTTTTTTCATCCTTTGCTTCAGTTTGTTTTTTGGGATGGG,20,CTTTATTGAATGCAGATGTTTTTTGATATAGGTGTATTAATAGATATGATATACTAATAATTTTTTTAACTAATATAAGTGTAA,20,61.8,262.6,Sensors results from GLEB,approved L. Mono design 1.docx
,G-quadruplex,dsDNA,23,1,200,50,10,20,200,CTACTTTTAATCGAGAAACACCAGGAGTTCCCATTGCTTATACAACAAACTTCCTAAAAGACAATGAATTAGCTGTTATTAAAAACAACTCAGAATATA,,20,CCCATTTTAGGAAGTTTGTTGTTTTTTGGTTGGG,20,ACCCGCTAATCTAACTAATCTACTTATTATACTATCTCTTTTTTAGCTAATTCATTGTCTTTTTTGGTTGGG,20,CTGAGTTGTTTTTAATAACTTTTTTGAGATAGTATAATAAGTAGATTAGTTAGATTAGCTTTTTTTATAAGCAATGGGAACTCC,20,49.6,269.3,Sensors results from GLEB,approved L. Mono sensor 2.docx
,G-quadruplex,dsDNA,23,1,200,50,10,20,200,CGAGCGCTAGGTTGAGGATGATCGAAACGCCTACACAGAATTTTATGTTTGTGACGAGCGTTATTCCTTCGGGTGTGACGTCTGGTGAAAAAA,,20,GGGTTGGGTTTTTTCGCTCGTCACAAACACCC,20,CCCAGATATAGATGAAGAAGATATAGAGATATATTTTTTACCCGAAGGAATAATTTTTTGGGTTGGG,20,TCACCAGACGTCATTTTTTATATCTCTATATCTTCTTCATCTATATCTTTTTTATAAAATTCTGTGTAG,20,53.3,225.6,Sensors results from GLEB,approved HH6 redesign.docx
,G-quadruplex,dsDNA,23,1,200,50,10,20,200,AAAGCCTCCTGGCGGCCTTCACGAATGCCGGATGCCTGTGCCGACGGGTGTTCTTTCGCGAGGTTAGGGACAACACGTT,,20,GGGTTGGGTTTTTTAACACCCGTCGGCAC,20,CATATTTATTATCTATATCTTTATATGTATATTTATTTTTTAACCTCGCGAAAGTTTTTTGGGTTGGG,20,AACGTGTTGTCCCTTTTTTTTAAATATACATATAAAGATATAGATAATAAATATGTTTTTTAGGCATCCGGCATTCGTGAA,20,53.7,269.3,Sensors results from GLEB,approved EBV sensor 3 corrected.docx
,G-quadruplex,dsDNA,23,1,200,50,10,20,200,TGGGCGGGCGTCTCGCCGGACTATGGCCTCGGCACGCTCGGCGTCGATGGCGGGTGGCTGGAACAGGCGGGCGAATGTGTAATCCCGGA,,20,GGGTTGGGTTTTTTCCATCGACGCCGAАСС,20,CTTACGTGTTCTGTTCGTCGTCTGTTCTTTTTTTTTGTTCCAGCCACCCGTTTTTTGGTTGGG,20,ATTACACATTCGCCCTTTTTTAAGAACAGACGAGGAACAGAACAGGTAAGTTTTTTGCCGAGGCCATA,20,36.6,269.3,Sensors results from GLEB,approved EBV redesigned 4 arm (Analyte is EBV3)
,G-quadruplex,dsDNA,23,1,200,50,10,20,200,AGGTTGTTACAAAGGGAGAAGGGCATGGCGAGCGTACAGCTGCAAAATGTAACGAAAGCCTGGGGCGAGGTCG,,20,GGGTTGGGTTTTTTCGCTCGCCATGACCC,20,CCCAGATATAGATGAAGAAGATATAGATTTTTTTTTGCAGCTGTATTTTTTGGGTTGGG,20,GGCTTTCGTTACATTTTTTTCTATATCTTCTTCATCTATATCTTTTTTCCCTTCTCCCTTTGT,20,58.6,233.0,Sensors results from GLEB,approved E coli redesign G-quad
,G-quadruplex,dsDNA,23,1,200,50,10,20,200,CTGCATAAACGCCTGGGCCGCACAATGATTTACGTCACCCACGATCAGGTCGAAGCGATGACGCTGG,,20,GGGTTGGGTTTTTTGTAAATCATTGTGCGGACCC,20,CCCAAGAGTCTATATCTACTTCTTCTATATCTACTTTTTTTGGTGTGTGTTACTTTTTTTTGGGTTGGG,20,TCATCGCTTCGACTTTTTTAGTAGATATAGAAGAAGTAGATATAGACTCTTTTTTTCCCAGGCGTTTAT,20,73.6,294.67,Sensors results from GLEB,approved E coli sensor 1 - G quad 
,G-quadruplex,dsDNA,23,1,200,50,10,20,200,GGTGGAGCTGCCGATGCCAAATCGTCAGCAAGTCTGGCTGCCAGTTGAAAGCCGTGATGTCCAGGTTGGAGCCAATATGTCGCTGGGTATTCGCCCG,,20,GGGTTGGGTTTTTCTTTCGCGTGTACGC,20,ACGTGTTCTGTTCGTCGTCTGTTCTTTTTTCTTTCGCGTGTACGTTTTGGTTGGG,20,AGCACTACGCGCTGACCGTTTAAGAACAGACGACGAACAGAACACGTTTTTCCAGAGCGCGCATG,20,63.3,301,Sensors results from GLEB,approved E coli sensor 2- G-quad 
,G-quadruplex,dsDNA,23,1,200,50,10,20,200,CTCTCGATCCGGTTCAGTCTCTCAACGCGTAACTTCTTCCCAAACGGTCAGCCATGGTGTTAACGAGACCATCTACAACACTACCCTC,,20,GGGTTGGGTTTTTTCTGACCGTTTGG,20,TTATTAGTATATCATATCTATTAATATTTTTTGTTAACACCATGGTTTTTTGGGTTGGG,20,TGTTGTAGATGGTCTCTTTTTTTTAATATAGATATGATATACTAATAATTTTTTGAAGAAGTTACGCGTTG,20,66.6,198.6,Sensors results from GLEB,approved CMV sensor 1.docx
,G-quadruplex,dsDNA,23,1,200,50,10,20,200,GTCGACTACCTTGTCCTCCACGTACTTTACCCGCTGCTTGTACGAGTTGAATTCGCGCATGATCTCTTCGAGGTCAAAAACGTTGCTGGAACGCAGCTCTTTCTGCGAGTAA,,20,GGGTTGGGTTTTTTCCCGCTGCTTGTACGAG,20,CTATAAATAATAATAAAACAATAAACCAATTTTTTGTCCTCCACGTACTTTATTTTTTGGGTTGGG,20,GTCGACTACCTTTTTTTTTTGGTTTATTGTTTTATTATTATTTATAGTTTTTTTTGAATTCGCGCATG,20,49.7,221.8,Sensors results from GLEB,approved CMV sensor 2.docx
,G-quadruplex,dsDNA,23,1,200,50,10,20,200,GATGTGGTTACCATGATTACCAATCCCTATACCTTTACGTCTATGGGTGCGGTGGGGAGAACACAAGAAATCGGTTTTTCAGCCAGAGGCTTATC,,20,GGGTTGGGTTTTTTCCACCGCACCCATAGAC,20,CGTACTAATCTAATCATATCTACTATATCATGCTTTTTTCGATTTCTTGTGTTCTCCTTTTTTGGGTTGGG,20,CTCTGGCTGAAAAACTTTTTTGCATGATATAGTAGATATGATTAGATTAGTACGTTTTTTGTAAAGGTATAGGGATTG,20,92.3,301,Sensors results from GLEB,approved N. men sensor 1.docx
,G-quadruplex,dsDNA,23,1,200,50,10,20,200,AAATATTTTGCTGCGTCGCGGTGATGTGGTTACCATGATTACCAATCCCTATACCTTTACGTCTATGGGTGCGGTGGGGAGAACACAAGAAATCGGTTT,,20,GGGTTGGGTTTTTTAAAGGTATAGGGAT,20,CGATTATATCTTTATATATATTTATAATACGTTTTTTGCACCCATAGACGTTTTTTTGGGTTGGG,20,TGTTCTCCCCACCTTTTTTCGTATTATAAATATATATAAAGATATAATCGTTTTTTTGGTAATCATGGTAACC,20,174.2,281.2,Sensors results from GLEB,approved N. men sensor 2.docx
,G-quadruplex,dsDNA,23,1,200,50,10,20,200,AAGAAGCAAATGAAATGATGGTCGATGCCTTAGAAGATGCTAAACTTCAGTATAAAAAATATAAATCATTAATTGATAAAGTGAAGAGTGATTACTTTTCAAGAGAAGCTG,,20,ACCGGGTTGGGTTTTTTCTGAAGTTTAGCATCT,20,ACCACAATACATACATACTAACATACTACTTTTTTTTATATTTTTTATATTTTTTGGGTTGGG,20,CTTTATCAATTAATGATTTTTTTGTAGTATGTTAGTATGTATGTATTGTGGTTTTTTTTCTAAGGCATCGAC,20,91.2,245.9,Sensors results from GLEB,approved St aureus sensor 2 corrected.docx
,G-quadruplex,dsDNA,23,1,200,50,10,20,200,ACGGAAGACGCGTGGATACGAAGAGACGTTAGATCATACATGCAATTATTGACACTAACACACGGGGACGTGCT,,20,GGGTTGGGTTTTTTCTAACGTCTCTTCGTAACCC,20,TCTCAGATATAGATGAAGAAGATATAGATGATTTTTTAATTGCATGTATGATTTTTTTGGGTTGGG,20,TGTTAGTGTCAATTTTTTTCATCTATATCTTCTTCATCTATATCTGAGATTTTTTTCCACGCGTCTT,20,82.7,269.3,Sensors results from GLEB,approved HH6 Sensors 2
,G-quadruplex,dsDNA,23,1,200,50,10,20,200,GACCGACGAATACCGGCGTGAGAAATTTTGTGATAAATTTAACCGTCAGCGAATCCTCTTCGTCCAGACGCACCGCAAACAGA,,20,GGGTTGGGTTTTTTTGACGGTTAAATTTAАССС,20,TGTGAGATATAGATGAAGAAGATATAGATGATTTTTTACGAAGAGGATTCGCTTTTTTGGGTTGGG,20,TTTGCGGTGCGTCTTTTTTTTCATCTATATCTTCTTCATCTATATCTCACATTTTTTTCACAAAATTTCTC,20,85.7,172.2,Sensors results from GLEB,approved HH6 Sensors 1
,G-quadruplex,dsDNA,23,1,200,50,10,20,200,ATGTTCTTGAAAAATATCTTGAGTGTTCTTGCTTTTGCTTTATTAATTGATGCTGCTCCAGTTAAAAGATCTCCAGGGTTTGTTACCTTAGACTTTAATGTCAAGAG,,20,GGGTTGGGTTTTTTCGAAAGCAAGAACACT,20,CGTATATCTATCTATACTATTAATCTAATCGTTTTTTGAGCAGCATCAATTAATAAAGTTTTTTGGGTTGGG,20,CTGGAGATCTTTTAACTGTTTTTTCGATTAGATTAATAGTATAGATAGATATACGTTTTTTCAAGATATTTTTCAAC,20,89.3,301.7,Sensors results from GLEB,approved C. alb sensor 1.docx
,G-quadruplex,dsDNA,23,1,200,50,10,20,200,CTCCAGGGTTTGTTACCTTAGACTTTAATGTCAAGAGATCTCTTGTTGATCCAGATGATCCAACTGTTGAATCTAAAAGATCACCTTTATTTTTAGAGATCTTGATCC,,20,GGGTTGGGTTTTTTGATCATCTGGATCAACAAG,20,CGATATTAATCATCAATCTATCTATCATCCACCTTTTTTATCTTTTAGATTCGACAGTTGTTTTTTGGGTTGGG,20,GATCTAAAAATAAAGGTGTTTTTTGGTGGATGATAGATAGATTGATGATTAATATCGTTTTTTAAGGGATCTTTTGACATTA,20,251.6,269.3,Sensors results from GLEB,approved C. alb sensor 2.docx
,G-quadruplex,dsDNA,23,1,200,50,10,20,200,GTGCGCCTGTTTTATACCCCCTCTCCCAACTGTAACTTAGAAGTAACACACACCGATCAACAGTCAGCGTGGCACACCAG,,20,GGGTTGGGTTTTTTGTTGACATTGAATACCC,20,CCCAAGAGTCTATATCTACTTCTTCTATATCTTTTTTTGGTGTGTGTTACTTCTTTTTTGGGTTGGG,20,CTGACTGTTGATCTTTTTTAGATATAGAAGAAGTAGATATAGACTCTTTTTTTGGAGAGGGGGTATAA,20,60.4,172.2,Sensors results from GLEB,approved COX (CV-B) sensors 1 var
,G-quadruplex,dsDNA,23,1,200,50,10,20,200,CCGGCCCCTGAATGCGGCTAATCCTAACTGCGGAGCACACACCCTCAAGCCAGAGGGCAGTGTGTCGTAACGGGCAACTCTGCAGCGG,,20,GGGTTGGGTTTTTTGTGTGTGCTCCGCAGTACCC,20,CCCAAGAGTCTATATCTACTTCTTCTATATCTTTTTTTTCTGGCTTGAGGTTTTTTGGGTTGGG,20,TTACGACACACTGCTTTTAAAGATATAGAAGAAGTAGATATAGACTCTTTTTTTTAGGATTAGCCGCATT,20,144.3,269.3,Sensors results from GLEB,approved COX (CV-B) sensors 2 var
,G-quadruplex,dsDNA,23,1,200,50,10,20,200,CAGGTTCAGGTAAAACAGCTGTACTAGTTGAGCGTATTATCCAAAAGATTTTACGTGATGGCATTGATGTCGATCGACTTTTAGTCGTAACGTTTACAAACTTAAGCGCACGT,,20,GATCGACATCAATGCTTTTTTGGGTTGGG,20,CGATCAATATATTATATTATATATACTATATCGTTTTTTTTACGACTAAAAGTCTTTTTTGGGTTGGG,20,TTAAGTTTGTAAACGTTTTTTCGATATAGTATATATAATATAATATATTGATCGTTTTTTCATCACGTAAAATCTTTTG,20,60.5,103,saur1 results Maria B,St aureus sensor 1.docx
,G-quadruplex,dsDNA,23,1,200,50,10,20,200,CCCCAAACCAGGAGGTGGCGCGTCGTAATGGGCAACTCCGCAGCGGAACCGACTACTTTGGGTGTCCGTGTTTCCTTTTATATT,,20,CCGGGTTGGGTTTTTTGCGGAGTTGCCCATTACGA,20,TGAGAAGAATTGAGTACTCTATAATAGCTATAATAGTTTTTTTAGTCGGTTCCGCTTTTTTTGGGTTGGGACC,20,ACACGGACACCCAAAGTTTTTTCTATTATAGCTATTATAGAGTACTCAATTCTTCTCATTTTTTGCCACCTCCTGGTTT,20,39.11,174.56,"Cox, CalB, HSV, Mtub (Redis) (Michael)",Redesign coxs_SPA_DG2_DK.docx
,G-quadruplex,dsDNA,23,1,200,50,10,20,200,CCGTGGCCTATGGGCCTCACGGTGCGGGTCTTTCCCAGCATTACCCTCCCCACGTCGCCCATCAGTATCCCGGGGTGCTGTTCTCGGGACCCA,,20,ССGGGTTGGGTTTTTTTGGGGAGGGTAATGCTG,20,TATAGTAATATTTAATTTATATTAGTTTTTTATACTGATGGGCGACGGGGTTGGG,20,CCGAGAACAGCACCCCGGGTTTTTTCTAATATAAATTAAATATTACTATATTTTTTGGAAAGACCCGCACCG,20,51.11,132.67,"Cox, CalB, HSV, Mtub (Redis) (Michael)",HSV redesign.docx
,G-quadruplex,dsDNA,23,1,200,50,10,20,200,AAACAGCCGCTAGTCCTAGTCCGAGTCGCCCGCAAAGTTCCTCGAATAACTCCGTACCCGGAGCGCCAAACCGGGTCT,,20,CAGGGTTGGGTTTTTTCGGGCGACTCGGAC,20,CAATTTATATAATCATATTTTACATATTCTTTTTTATTCGAGGAACTTTGTTTTTTGGGTTGGG,20,CGGGTACGGAGTTTTTTTTGAATATGTAAAATATGATTATATAAATTGTTTTTTTAGGACTAGCGGCT,20,67.67,147.11,"Cox, CalB, HSV, Mtub (Redis) (Michael)",approved M. tub sensor 2.docx
,G-quadruplex,dsDNA,23,1,200,50,10,20,200,CAGGTTCAGGTAAAACAGCTGTACTAGTTGAGCGTATTATCCAAAAGATTTTACGTGATGGCATTGATGTCGATCGACTTTTAGTCGTAACGTTTACAAACTTAAGCGCACGT,,20,GATCGACATCAATGCTTTTTTGGGTTGGG,20,CGATCAATATATTATATTATATATACTATATCGTTTTTTTTACGACTAAAAGTCTTTTTTGGGTTGGG,20,TTAAGTTTGTAAACGTTTTTTCGATATAGTATATATAATATAATATATTGATCGTTTTTTCATCACGTAAAATCTTTTG,20,55.44,99.67,Berezovskaya sensors 14.09,St aureus sensor 1.docx
,G-quadruplex,ssDNA,23,1,200,50,1,20,200,CAGGTTCAGGTAAAACAGCTGTACTAGTTGAGCGTATTATCCAAAAGATTTTACGTGATGGCATTGATGTCGATCGACTTTTAGTCGTAACGTTTACAAACTTAAGCGCACGT,,20,GATCGACATCAATGCTTTTTTGGGTTGGG,20,CGATCAATATATTATATTATATATACTATATCGTTTTTTTTACGACTAAAAGTCTTTTTTGGGTTGGG,20,TTAAGTTTGTAAACGTTTTTTCGATATAGTATATATAATATAATATATTGATCGTTTTTTCATCACGTAAAATCTTTTG,20,55.44,121,Berezovskaya sensors 14.09,St aureus sensor 1.docx
,G-quadruplex,dsDNA,23,1,200,50,10,20,200,TACCGCGTTGGTTCAGCTCGAGCTCGAAGCGACCCGACGGGAATTGGCCGATCGCCTCACACTGGTGCACGCCGATCTCTGCTCC,,20,CCAGGGTTGGGTTTTTTCCAATTCCCGTCGG,20,CATATCTAAACTCTTAAAATCAATATTTTTTGTGTGAGGCGATCGGTTTTTTGGGTTGGG,20,GCAGAGATCGGCGTGCACCATTTTTTTATTGATTTTAAGAGTTTAGATATGTTTTTTGTCGCTTCGAGCTCGA,20,65.33,68.22,Berezovskaya sensors 14.09,M. tub redesign.docx
,G-quadruplex,ssDNA,23,1,200,50,1,20,200,TACCGCGTTGGTTCAGCTCGAGCTCGAAGCGACCCGACGGGAATTGGCCGATCGCCTCACACTGGTGCACGCCGATCTCTGCTCC,,20,CCAGGGTTGGGTTTTTTCCAATTCCCGTCGG,20,CATATCTAAACTCTTAAAATCAATATTTTTTGTGTGAGGCGATCGGTTTTTTGGGTTGGG,20,GCAGAGATCGGCGTGCACCATTTTTTTATTGATTTTAAGAGTTTAGATATGTTTTTTGTCGCTTCGAGCTCGA,20,65.33,60.56,Berezovskaya sensors 14.09,M. tub redesign.docx
,G-quadruplex,dsDNA,23,1,200,50,10,20,200,GACTGTGCTGGAGTTTGATAGTGAATTCGAGCTATTAATTGCATTTATGACCCTCGTAAAACAGTACGCTCCCGAGTTTGCCACAGGTT,,20,CCAGGGTTGGGTTTTTTAATTAATAGCTCGAA,20,TGAGAAGAATTGAGTACTCTATAATAGTAGTTTTTTAGGGTCATAAATGCTTTTTTGGGTTGGGACC,20,GAGCGTACTGTTTTATTTTTTCTACTATTATAGAGTACTCAATTCTTCTCATTTTTTTTCACTATCAAACTCC,20,99.56,87.67,Berezovskaya sensors 14.09,redesign vzv.docx
,G-quadruplex,ssDNA,23,1,200,50,1,20,200,GACTGTGCTGGAGTTTGATAGTGAATTCGAGCTATTAATTGCATTTATGACCCTCGTAAAACAGTACGCTCCCGAGTTTGCCACAGGTT,,20,CCAGGGTTGGGTTTTTTAATTAATAGCTCGAA,20,TGAGAAGAATTGAGTACTCTATAATAGTAGTTTTTTAGGGTCATAAATGCTTTTTTGGGTTGGGACC,20,GAGCGTACTGTTTTATTTTTTCTACTATTATAGAGTACTCAATTCTTCTCATTTTTTTTCACTATCAAACTCC,20,99.56,80.89,Berezovskaya sensors 14.09,redesign vzv.docx
Binary,DNAzyme,dsDNA,55,0.16,200,200,10,20,200,GTGCGCCTGTTTTATACCCCCTCTCCCAACTGTAACTTAGAAGTAACACACACCGATCAACAGTCAGCGTGGCACACCAG,TGCCCAGGGAGGCTAGCTTGGGAGAGGGGGTATAAAACAG,20,GGTGTGTGTTACTTCTAAGTTACAGTACAACGAGAGGAAACCTT,20,,,,,329,388.67,Копия Results on DNAzymes ds,COX.docx
Binary,DNAzyme,dsDNA,55,0.33,200,200,10,20,200,GTGCGCCTGTTTTATACCCCCTCTCCCAACTGTAACTTAGAAGTAACACACACCGATCAACAGTCAGCGTGGCACACCAG,TGCCCAGGGAGGCTAGCTTGGGAGAGGGGGTATAAAACAG,20,GGTGTGTGTTACTTCTAAGTTACAGTACAACGAGAGGAAACCTT,20,,,,,323.67,377,Копия Results on DNAzymes ds,COX.docx
Binary,DNAzyme,dsDNA,55,0.5,200,200,10,20,200,GTGCGCCTGTTTTATACCCCCTCTCCCAACTGTAACTTAGAAGTAACACACACCGATCAACAGTCAGCGTGGCACACCAG,TGCCCAGGGAGGCTAGCTTGGGAGAGGGGGTATAAAACAG,20,GGTGTGTGTTACTTCTAAGTTACAGTACAACGAGAGGAAACCTT,20,,,,,326.33,387.67,Копия Results on DNAzymes ds,COX.docx
Binary,DNAzyme,dsDNA,55,0.66,200,200,10,20,200,GTGCGCCTGTTTTATACCCCCTCTCCCAACTGTAACTTAGAAGTAACACACACCGATCAACAGTCAGCGTGGCACACCAG,TGCCCAGGGAGGCTAGCTTGGGAGAGGGGGTATAAAACAG,20,GGTGTGTGTTACTTCTAAGTTACAGTACAACGAGAGGAAACCTT,20,,,,,331,406.67,Копия Results on DNAzymes ds,COX.docx
Binary,DNAzyme,dsDNA,55,0.83,200,200,10,20,200,GTGCGCCTGTTTTATACCCCCTCTCCCAACTGTAACTTAGAAGTAACACACACCGATCAACAGTCAGCGTGGCACACCAG,TGCCCAGGGAGGCTAGCTTGGGAGAGGGGGTATAAAACAG,20,GGTGTGTGTTACTTCTAAGTTACAGTACAACGAGAGGAAACCTT,20,,,,,327.67,403.67,Копия Results on DNAzymes ds,COX.docx
Binary,DNAzyme,dsDNA,55,1,200,200,10,20,200,GTGCGCCTGTTTTATACCCCCTCTCCCAACTGTAACTTAGAAGTAACACACACCGATCAACAGTCAGCGTGGCACACCAG,TGCCCAGGGAGGCTAGCTTGGGAGAGGGGGTATAAAACAG,20,GGTGTGTGTTACTTCTAAGTTACAGTACAACGAGAGGAAACCTT,20,,,,,330.33,413.67,Копия Results on DNAzymes ds,COX.docx
DNM,DNAzyme,dsDNA,55,0.16,200,200,10,20,200,GTGCGCCTGTTTTATACCCCCTCTCCCAACTGTAACTTAGAAGTAACACACACCGATCAACAGTCAGCGTGGCACACCAG,TGCCCAGGGAGGCTAGCTTGGGAGAGGGGGTATAAAACAG,20,GTCAGGTGACAGTAGTCTGCTTTTTTGGTGTGTGTTACTTCTAAGTTACAGTACAACGAGAGGAAACCTT,20,GTGTGCCACGCTGACTGTTGATCTTTTTTGCAGACTACTGTCACCTGAC,20,,,278.67,346.67,Копия Results on DNAzymes ds,COX.docx
DNM,DNAzyme,dsDNA,55,0.33,200,200,10,20,200,GTGCGCCTGTTTTATACCCCCTCTCCCAACTGTAACTTAGAAGTAACACACACCGATCAACAGTCAGCGTGGCACACCAG,TGCCCAGGGAGGCTAGCTTGGGAGAGGGGGTATAAAACAG,20,GTCAGGTGACAGTAGTCTGCTTTTTTGGTGTGTGTTACTTCTAAGTTACAGTACAACGAGAGGAAACCTT,20,GTGTGCCACGCTGACTGTTGATCTTTTTTGCAGACTACTGTCACCTGAC,20,,,265,345,Копия Results on DNAzymes ds,COX.docx
DNM,DNAzyme,dsDNA,55,0.5,200,200,10,20,200,GTGCGCCTGTTTTATACCCCCTCTCCCAACTGTAACTTAGAAGTAACACACACCGATCAACAGTCAGCGTGGCACACCAG,TGCCCAGGGAGGCTAGCTTGGGAGAGGGGGTATAAAACAG,20,GTCAGGTGACAGTAGTCTGCTTTTTTGGTGTGTGTTACTTCTAAGTTACAGTACAACGAGAGGAAACCTT,20,GTGTGCCACGCTGACTGTTGATCTTTTTTGCAGACTACTGTCACCTGAC,20,,,263.33,350,Копия Results on DNAzymes ds,COX.docx
DNM,DNAzyme,dsDNA,55,0.66,200,200,10,20,200,GTGCGCCTGTTTTATACCCCCTCTCCCAACTGTAACTTAGAAGTAACACACACCGATCAACAGTCAGCGTGGCACACCAG,TGCCCAGGGAGGCTAGCTTGGGAGAGGGGGTATAAAACAG,20,GTCAGGTGACAGTAGTCTGCTTTTTTGGTGTGTGTTACTTCTAAGTTACAGTACAACGAGAGGAAACCTT,20,GTGTGCCACGCTGACTGTTGATCTTTTTTGCAGACTACTGTCACCTGAC,20,,,260.67,358,Копия Results on DNAzymes ds,COX.docx
DNM,DNAzyme,dsDNA,55,0.83,200,200,10,20,200,GTGCGCCTGTTTTATACCCCCTCTCCCAACTGTAACTTAGAAGTAACACACACCGATCAACAGTCAGCGTGGCACACCAG,TGCCCAGGGAGGCTAGCTTGGGAGAGGGGGTATAAAACAG,20,GTCAGGTGACAGTAGTCTGCTTTTTTGGTGTGTGTTACTTCTAAGTTACAGTACAACGAGAGGAAACCTT,20,GTGTGCCACGCTGACTGTTGATCTTTTTTGCAGACTACTGTCACCTGAC,20,,,261,363,Копия Results on DNAzymes ds,COX.docx
DNM,DNAzyme,dsDNA,55,1,200,200,10,20,200,GTGCGCCTGTTTTATACCCCCTCTCCCAACTGTAACTTAGAAGTAACACACACCGATCAACAGTCAGCGTGGCACACCAG,TGCCCAGGGAGGCTAGCTTGGGAGAGGGGGTATAAAACAG,20,GTCAGGTGACAGTAGTCTGCTTTTTTGGTGTGTGTTACTTCTAAGTTACAGTACAACGAGAGGAAACCTT,20,GTGTGCCACGCTGACTGTTGATCTTTTTTGCAGACTACTGTCACCTGAC,20,,,264.33,370.67,Копия Results on DNAzymes ds,COX.docx
Binary,DNAzyme,dsDNA,23,0.16,200,200,10,20,200,ATCCCCGAGTCGTTCAAGGTGCTGCTCAAAGAACTGCAGTCGCTGTGCCTCAACGTCGAGGTGCTATCGAGTGACGGTGCGGCGATCGAA,TGCCCAGGGAGGCTAGCTTTGAGCAGCACCTTGAACGACT,20,GGCACAGCGACTGCAGTTCTACAACGAGAGGAAACCTT,20,,,,,342.33,286.33,Копия results CSP DNAzymes ,M.tub 1.docx
Binary,DNAzyme,dsDNA,23,0.33,200,200,10,20,200,ATCCCCGAGTCGTTCAAGGTGCTGCTCAAAGAACTGCAGTCGCTGTGCCTCAACGTCGAGGTGCTATCGAGTGACGGTGCGGCGATCGAA,TGCCCAGGGAGGCTAGCTTTGAGCAGCACCTTGAACGACT,20,GGCACAGCGACTGCAGTTCTACAACGAGAGGAAACCTT,20,,,,,238.33,247.33,Копия results CSP DNAzymes ,M.tub 1.docx
Binary,DNAzyme,dsDNA,23,0.5,200,200,10,20,200,ATCCCCGAGTCGTTCAAGGTGCTGCTCAAAGAACTGCAGTCGCTGTGCCTCAACGTCGAGGTGCTATCGAGTGACGGTGCGGCGATCGAA,TGCCCAGGGAGGCTAGCTTTGAGCAGCACCTTGAACGACT,20,GGCACAGCGACTGCAGTTCTACAACGAGAGGAAACCTT,20,,,,,188,226.67,Копия results CSP DNAzymes ,M.tub 1.docx
Binary,DNAzyme,dsDNA,23,0.66,200,200,10,20,200,ATCCCCGAGTCGTTCAAGGTGCTGCTCAAAGAACTGCAGTCGCTGTGCCTCAACGTCGAGGTGCTATCGAGTGACGGTGCGGCGATCGAA,TGCCCAGGGAGGCTAGCTTTGAGCAGCACCTTGAACGACT,20,GGCACAGCGACTGCAGTTCTACAACGAGAGGAAACCTT,20,,,,,168.67,222.33,Копия results CSP DNAzymes ,M.tub 1.docx
Binary,DNAzyme,dsDNA,23,0.83,200,200,10,20,200,ATCCCCGAGTCGTTCAAGGTGCTGCTCAAAGAACTGCAGTCGCTGTGCCTCAACGTCGAGGTGCTATCGAGTGACGGTGCGGCGATCGAA,TGCCCAGGGAGGCTAGCTTTGAGCAGCACCTTGAACGACT,20,GGCACAGCGACTGCAGTTCTACAACGAGAGGAAACCTT,20,,,,,157.33,224,Копия results CSP DNAzymes ,M.tub 1.docx
Binary,DNAzyme,dsDNA,23,1,200,200,10,20,200,ATCCCCGAGTCGTTCAAGGTGCTGCTCAAAGAACTGCAGTCGCTGTGCCTCAACGTCGAGGTGCTATCGAGTGACGGTGCGGCGATCGAA,TGCCCAGGGAGGCTAGCTTTGAGCAGCACCTTGAACGACT,20,GGCACAGCGACTGCAGTTCTACAACGAGAGGAAACCTT,20,,,,,152,224.33,Копия results CSP DNAzymes ,M.tub 1.docx
DNM,DNAzyme,dsDNA,23,0.16,200,200,10,20,200,ATCCCCGAGTCGTTCAAGGTGCTGCTCAAAGAACTGCAGTCGCTGTGCCTCAACGTCGAGGTGCTATCGAGTGACGGTGCGGCGATCGAA,TGCCCAGGGAGGCTAGCTTTGAGCAGCACCTTGAACGACT,20,AGACTAGCAGAGAGGTAGCCTAGCCTGGTATTTTTTGGCACAGCGACTGCAGTTCTACAACGAGAGGAAACCTT,20,CTCGATAGCACCTCGACGTTGATTTTTTTACCAGGCTAGGCTACCTCTCTGCTAGTCT,20,,,424,445.33,Копия results CSP DNAzymes ,M.tub 1.docx
DNM,DNAzyme,dsDNA,23,0.33,200,200,10,20,200,ATCCCCGAGTCGTTCAAGGTGCTGCTCAAAGAACTGCAGTCGCTGTGCCTCAACGTCGAGGTGCTATCGAGTGACGGTGCGGCGATCGAA,TGCCCAGGGAGGCTAGCTTTGAGCAGCACCTTGAACGACT,20,AGACTAGCAGAGAGGTAGCCTAGCCTGGTATTTTTTGGCACAGCGACTGCAGTTCTACAACGAGAGGAAACCTT,20,CTCGATAGCACCTCGACGTTGATTTTTTTACCAGGCTAGGCTACCTCTCTGCTAGTCT,20,,,329.67,376,Копия results CSP DNAzymes ,M.tub 1.docx
DNM,DNAzyme,dsDNA,23,0.5,200,200,10,20,200,ATCCCCGAGTCGTTCAAGGTGCTGCTCAAAGAACTGCAGTCGCTGTGCCTCAACGTCGAGGTGCTATCGAGTGACGGTGCGGCGATCGAA,TGCCCAGGGAGGCTAGCTTTGAGCAGCACCTTGAACGACT,20,AGACTAGCAGAGAGGTAGCCTAGCCTGGTATTTTTTGGCACAGCGACTGCAGTTCTACAACGAGAGGAAACCTT,20,CTCGATAGCACCTCGACGTTGATTTTTTTACCAGGCTAGGCTACCTCTCTGCTAGTCT,20,,,286.67,335.33,Копия results CSP DNAzymes ,M.tub 1.docx
DNM,DNAzyme,dsDNA,23,0.66,200,200,10,20,200,ATCCCCGAGTCGTTCAAGGTGCTGCTCAAAGAACTGCAGTCGCTGTGCCTCAACGTCGAGGTGCTATCGAGTGACGGTGCGGCGATCGAA,TGCCCAGGGAGGCTAGCTTTGAGCAGCACCTTGAACGACT,20,AGACTAGCAGAGAGGTAGCCTAGCCTGGTATTTTTTGGCACAGCGACTGCAGTTCTACAACGAGAGGAAACCTT,20,CTCGATAGCACCTCGACGTTGATTTTTTTACCAGGCTAGGCTACCTCTCTGCTAGTCT,20,,,272,326.33,Копия results CSP DNAzymes ,M.tub 1.docx
DNM,DNAzyme,dsDNA,23,0.83,200,200,10,20,200,ATCCCCGAGTCGTTCAAGGTGCTGCTCAAAGAACTGCAGTCGCTGTGCCTCAACGTCGAGGTGCTATCGAGTGACGGTGCGGCGATCGAA,TGCCCAGGGAGGCTAGCTTTGAGCAGCACCTTGAACGACT,20,AGACTAGCAGAGAGGTAGCCTAGCCTGGTATTTTTTGGCACAGCGACTGCAGTTCTACAACGAGAGGAAACCTT,20,CTCGATAGCACCTCGACGTTGATTTTTTTACCAGGCTAGGCTACCTCTCTGCTAGTCT,20,,,274.67,333.67,Копия results CSP DNAzymes ,M.tub 1.docx
DNM,DNAzyme,dsDNA,23,1,200,200,10,20,200,ATCCCCGAGTCGTTCAAGGTGCTGCTCAAAGAACTGCAGTCGCTGTGCCTCAACGTCGAGGTGCTATCGAGTGACGGTGCGGCGATCGAA,TGCCCAGGGAGGCTAGCTTTGAGCAGCACCTTGAACGACT,20,AGACTAGCAGAGAGGTAGCCTAGCCTGGTATTTTTTGGCACAGCGACTGCAGTTCTACAACGAGAGGAAACCTT,20,CTCGATAGCACCTCGACGTTGATTTTTTTACCAGGCTAGGCTACCTCTCTGCTAGTCT,20,,,273.33,331,Копия results CSP DNAzymes ,M.tub 1.docx
Binary,DNAzyme,amplicon,23,0.16,200,200,10,20,200,GATGTGGTTACCATGATTACCAATCCCTATACCTTTACGTCTATGGGTGCGGTGGGGAGAACACAAGAAATCGGTTTTTCAGCCAGAGGCTTATC,TGCCCAGGGAGGCTAGCTATAGACGTAAAGGTATAGGGATTGGTA,20,TTCTCCCCACCGCACCCACAACGAGAGGAAACCTT,20,,,,,370,667.67,Копия results CSP DNAzymes ,N.men.docx
Binary,DNAzyme,amplicon,23,0.33,200,200,10,20,200,GATGTGGTTACCATGATTACCAATCCCTATACCTTTACGTCTATGGGTGCGGTGGGGAGAACACAAGAAATCGGTTTTTCAGCCAGAGGCTTATC,TGCCCAGGGAGGCTAGCTATAGACGTAAAGGTATAGGGATTGGTA,20,TTCTCCCCACCGCACCCACAACGAGAGGAAACCTT,20,,,,,331.67,681.33,Копия results CSP DNAzymes ,N.men.docx
Binary,DNAzyme,amplicon,23,0.5,200,200,10,20,200,GATGTGGTTACCATGATTACCAATCCCTATACCTTTACGTCTATGGGTGCGGTGGGGAGAACACAAGAAATCGGTTTTTCAGCCAGAGGCTTATC,TGCCCAGGGAGGCTAGCTATAGACGTAAAGGTATAGGGATTGGTA,20,TTCTCCCCACCGCACCCACAACGAGAGGAAACCTT,20,,,,,324.33,705.67,Копия results CSP DNAzymes ,N.men.docx
Binary,DNAzyme,amplicon,23,0.66,200,200,10,20,200,GATGTGGTTACCATGATTACCAATCCCTATACCTTTACGTCTATGGGTGCGGTGGGGAGAACACAAGAAATCGGTTTTTCAGCCAGAGGCTTATC,TGCCCAGGGAGGCTAGCTATAGACGTAAAGGTATAGGGATTGGTA,20,TTCTCCCCACCGCACCCACAACGAGAGGAAACCTT,20,,,,,334.67,731.67,Копия results CSP DNAzymes ,N.men.docx
Binary,DNAzyme,amplicon,23,0.83,200,200,10,20,200,GATGTGGTTACCATGATTACCAATCCCTATACCTTTACGTCTATGGGTGCGGTGGGGAGAACACAAGAAATCGGTTTTTCAGCCAGAGGCTTATC,TGCCCAGGGAGGCTAGCTATAGACGTAAAGGTATAGGGATTGGTA,20,TTCTCCCCACCGCACCCACAACGAGAGGAAACCTT,20,,,,,346,764.67,Копия results CSP DNAzymes ,N.men.docx
Binary,DNAzyme,amplicon,23,1,200,200,10,20,200,GATGTGGTTACCATGATTACCAATCCCTATACCTTTACGTCTATGGGTGCGGTGGGGAGAACACAAGAAATCGGTTTTTCAGCCAGAGGCTTATC,TGCCCAGGGAGGCTAGCTATAGACGTAAAGGTATAGGGATTGGTA,20,TTCTCCCCACCGCACCCACAACGAGAGGAAACCTT,20,,,,,356,797.67,Копия results CSP DNAzymes ,N.men.docx
DNM,DNAzyme,amplicon,23,0.16,200,200,10,20,200,GATGTGGTTACCATGATTACCAATCCCTATACCTTTACGTCTATGGGTGCGGTGGGGAGAACACAAGAAATCGGTTTTTCAGCCAGAGGCTTATC,TGCCCAGGGAGGCTAGCTATAGACGTAAAGGTATAGGGATTGGTA,20,GTCAGGTGACAGTAGTCTGCTTTTTTTTCTCCCCACCGCACCCACAACGAGAGGAAACCTT,20,CCTCTGGCTGAAAAACCGATTTCTTGTGTTTTTTGCAGACTACTGTCACCTGAC,20,,,418,803.67,Копия results CSP DNAzymes ,N.men.docx
DNM,DNAzyme,amplicon,23,0.33,200,200,10,20,200,GATGTGGTTACCATGATTACCAATCCCTATACCTTTACGTCTATGGGTGCGGTGGGGAGAACACAAGAAATCGGTTTTTCAGCCAGAGGCTTATC,TGCCCAGGGAGGCTAGCTATAGACGTAAAGGTATAGGGATTGGTA,20,GTCAGGTGACAGTAGTCTGCTTTTTTTTCTCCCCACCGCACCCACAACGAGAGGAAACCTT,20,CCTCTGGCTGAAAAACCGATTTCTTGTGTTTTTTGCAGACTACTGTCACCTGAC,20,,,331,786.33,Копия results CSP DNAzymes ,N.men.docx
DNM,DNAzyme,amplicon,23,0.5,200,200,10,20,200,GATGTGGTTACCATGATTACCAATCCCTATACCTTTACGTCTATGGGTGCGGTGGGGAGAACACAAGAAATCGGTTTTTCAGCCAGAGGCTTATC,TGCCCAGGGAGGCTAGCTATAGACGTAAAGGTATAGGGATTGGTA,20,GTCAGGTGACAGTAGTCTGCTTTTTTTTCTCCCCACCGCACCCACAACGAGAGGAAACCTT,20,CCTCTGGCTGAAAAACCGATTTCTTGTGTTTTTTGCAGACTACTGTCACCTGAC,20,,,310.33,778,Копия results CSP DNAzymes ,N.men.docx
DNM,DNAzyme,amplicon,23,0.66,200,200,10,20,200,GATGTGGTTACCATGATTACCAATCCCTATACCTTTACGTCTATGGGTGCGGTGGGGAGAACACAAGAAATCGGTTTTTCAGCCAGAGGCTTATC,TGCCCAGGGAGGCTAGCTATAGACGTAAAGGTATAGGGATTGGTA,20,GTCAGGTGACAGTAGTCTGCTTTTTTTTCTCCCCACCGCACCCACAACGAGAGGAAACCTT,20,CCTCTGGCTGAAAAACCGATTTCTTGTGTTTTTTGCAGACTACTGTCACCTGAC,20,,,311.67,788.33,Копия results CSP DNAzymes ,N.men.docx
DNM,DNAzyme,amplicon,23,0.83,200,200,10,20,200,GATGTGGTTACCATGATTACCAATCCCTATACCTTTACGTCTATGGGTGCGGTGGGGAGAACACAAGAAATCGGTTTTTCAGCCAGAGGCTTATC,TGCCCAGGGAGGCTAGCTATAGACGTAAAGGTATAGGGATTGGTA,20,GTCAGGTGACAGTAGTCTGCTTTTTTTTCTCCCCACCGCACCCACAACGAGAGGAAACCTT,20,CCTCTGGCTGAAAAACCGATTTCTTGTGTTTTTTGCAGACTACTGTCACCTGAC,20,,,322,808,Копия results CSP DNAzymes ,N.men.docx
DNM,DNAzyme,amplicon,23,1,200,200,10,20,200,GATGTGGTTACCATGATTACCAATCCCTATACCTTTACGTCTATGGGTGCGGTGGGGAGAACACAAGAAATCGGTTTTTCAGCCAGAGGCTTATC,TGCCCAGGGAGGCTAGCTATAGACGTAAAGGTATAGGGATTGGTA,20,GTCAGGTGACAGTAGTCTGCTTTTTTTTCTCCCCACCGCACCCACAACGAGAGGAAACCTT,20,CCTCTGGCTGAAAAACCGATTTCTTGTGTTTTTTGCAGACTACTGTCACCTGAC,20,,,310,823,Копия results CSP DNAzymes ,N.men.docx
Binary,DNAzyme,dsDNA,23,0.16,200,200,10,20,200,ATGTTGTTGAAAAATATCTTGAGTGTTCTTGCTTTCGCTTTATTAATTGATGCTGCTCCAGTTAAAAGATCTCCAGGGTTTGTTACCTTAGACTTTAATGTCAAAAG,TGCCCAGGGAGGCTAGCTGCGAAAGCAAGAACACTCAAGATAT,20,AACTGGAGCAGCATCAATTAATAAAACAACGAGAGGAAACCTT,20,,,,,407,417,Копия results CSP DNAzymes ,C.alb.docx
Binary,DNAzyme,dsDNA,23,0.33,200,200,10,20,200,ATGTTGTTGAAAAATATCTTGAGTGTTCTTGCTTTCGCTTTATTAATTGATGCTGCTCCAGTTAAAAGATCTCCAGGGTTTGTTACCTTAGACTTTAATGTCAAAAG,TGCCCAGGGAGGCTAGCTGCGAAAGCAAGAACACTCAAGATAT,20,AACTGGAGCAGCATCAATTAATAAAACAACGAGAGGAAACCTT,20,,,,,377.33,320.33,Копия results CSP DNAzymes ,C.alb.docx
Binary,DNAzyme,dsDNA,23,0.5,200,200,10,20,200,ATGTTGTTGAAAAATATCTTGAGTGTTCTTGCTTTCGCTTTATTAATTGATGCTGCTCCAGTTAAAAGATCTCCAGGGTTTGTTACCTTAGACTTTAATGTCAAAAG,TGCCCAGGGAGGCTAGCTGCGAAAGCAAGAACACTCAAGATAT,20,AACTGGAGCAGCATCAATTAATAAAACAACGAGAGGAAACCTT,20,,,,,356.33,247.67,Копия results CSP DNAzymes ,C.alb.docx
Binary,DNAzyme,dsDNA,23,0.66,200,200,10,20,200,ATGTTGTTGAAAAATATCTTGAGTGTTCTTGCTTTCGCTTTATTAATTGATGCTGCTCCAGTTAAAAGATCTCCAGGGTTTGTTACCTTAGACTTTAATGTCAAAAG,TGCCCAGGGAGGCTAGCTGCGAAAGCAAGAACACTCAAGATAT,20,AACTGGAGCAGCATCAATTAATAAAACAACGAGAGGAAACCTT,20,,,,,343.67,228.67,Копия results CSP DNAzymes ,C.alb.docx
Binary,DNAzyme,dsDNA,23,0.83,200,200,10,20,200,ATGTTGTTGAAAAATATCTTGAGTGTTCTTGCTTTCGCTTTATTAATTGATGCTGCTCCAGTTAAAAGATCTCCAGGGTTTGTTACCTTAGACTTTAATGTCAAAAG,TGCCCAGGGAGGCTAGCTGCGAAAGCAAGAACACTCAAGATAT,20,AACTGGAGCAGCATCAATTAATAAAACAACGAGAGGAAACCTT,20,,,,,349,220.67,Копия results CSP DNAzymes ,C.alb.docx
Binary,DNAzyme,dsDNA,23,1,200,200,10,20,200,ATGTTGTTGAAAAATATCTTGAGTGTTCTTGCTTTCGCTTTATTAATTGATGCTGCTCCAGTTAAAAGATCTCCAGGGTTTGTTACCTTAGACTTTAATGTCAAAAG,TGCCCAGGGAGGCTAGCTGCGAAAGCAAGAACACTCAAGATAT,20,AACTGGAGCAGCATCAATTAATAAAACAACGAGAGGAAACCTT,20,,,,,336,219.67,Копия results CSP DNAzymes ,C.alb.docx
DNM,DNAzyme,dsDNA,23,0.16,200,200,10,20,200,ATGTTGTTGAAAAATATCTTGAGTGTTCTTGCTTTCGCTTTATTAATTGATGCTGCTCCAGTTAAAAGATCTCCAGGGTTTGTTACCTTAGACTTTAATGTCAAAAG,TGCCCAGGGAGGCTAGCTGCGAAAGCAAGAACACTCAAGATAT,20,ACGTTAGATGACTAGATACGATGCTTTTTTAACTGGAGCAGCATCAATTAATAAAACAACGAGAGGAAACCTT,20,TCTAAGGTAACAAACCCTGGAGATCTTTTTTTTTTGCATCGTATCTAGTCATCTAACGT,20,,,392,397.33,Копия results CSP DNAzymes ,C.alb.docx
DNM,DNAzyme,dsDNA,23,0.33,200,200,10,20,200,ATGTTGTTGAAAAATATCTTGAGTGTTCTTGCTTTCGCTTTATTAATTGATGCTGCTCCAGTTAAAAGATCTCCAGGGTTTGTTACCTTAGACTTTAATGTCAAAAG,TGCCCAGGGAGGCTAGCTGCGAAAGCAAGAACACTCAAGATAT,20,ACGTTAGATGACTAGATACGATGCTTTTTTAACTGGAGCAGCATCAATTAATAAAACAACGAGAGGAAACCTT,20,TCTAAGGTAACAAACCCTGGAGATCTTTTTTTTTTGCATCGTATCTAGTCATCTAACGT,20,,,322.33,302.67,Копия results CSP DNAzymes ,C.alb.docx
DNM,DNAzyme,dsDNA,23,0.5,200,200,10,20,200,ATGTTGTTGAAAAATATCTTGAGTGTTCTTGCTTTCGCTTTATTAATTGATGCTGCTCCAGTTAAAAGATCTCCAGGGTTTGTTACCTTAGACTTTAATGTCAAAAG,TGCCCAGGGAGGCTAGCTGCGAAAGCAAGAACACTCAAGATAT,20,ACGTTAGATGACTAGATACGATGCTTTTTTAACTGGAGCAGCATCAATTAATAAAACAACGAGAGGAAACCTT,20,TCTAAGGTAACAAACCCTGGAGATCTTTTTTTTTTGCATCGTATCTAGTCATCTAACGT,20,,,280.33,246.33,Копия results CSP DNAzymes ,C.alb.docx
DNM,DNAzyme,dsDNA,23,0.66,200,200,10,20,200,ATGTTGTTGAAAAATATCTTGAGTGTTCTTGCTTTCGCTTTATTAATTGATGCTGCTCCAGTTAAAAGATCTCCAGGGTTTGTTACCTTAGACTTTAATGTCAAAAG,TGCCCAGGGAGGCTAGCTGCGAAAGCAAGAACACTCAAGATAT,20,ACGTTAGATGACTAGATACGATGCTTTTTTAACTGGAGCAGCATCAATTAATAAAACAACGAGAGGAAACCTT,20,TCTAAGGTAACAAACCCTGGAGATCTTTTTTTTTTGCATCGTATCTAGTCATCTAACGT,20,,,265.67,229.33,Копия results CSP DNAzymes ,C.alb.docx
DNM,DNAzyme,dsDNA,23,0.83,200,200,10,20,200,ATGTTGTTGAAAAATATCTTGAGTGTTCTTGCTTTCGCTTTATTAATTGATGCTGCTCCAGTTAAAAGATCTCCAGGGTTTGTTACCTTAGACTTTAATGTCAAAAG,TGCCCAGGGAGGCTAGCTGCGAAAGCAAGAACACTCAAGATAT,20,ACGTTAGATGACTAGATACGATGCTTTTTTAACTGGAGCAGCATCAATTAATAAAACAACGAGAGGAAACCTT,20,TCTAAGGTAACAAACCCTGGAGATCTTTTTTTTTTGCATCGTATCTAGTCATCTAACGT,20,,,261.67,225.67,Копия results CSP DNAzymes ,C.alb.docx
DNM,DNAzyme,dsDNA,23,1,200,200,10,20,200,ATGTTGTTGAAAAATATCTTGAGTGTTCTTGCTTTCGCTTTATTAATTGATGCTGCTCCAGTTAAAAGATCTCCAGGGTTTGTTACCTTAGACTTTAATGTCAAAAG,TGCCCAGGGAGGCTAGCTGCGAAAGCAAGAACACTCAAGATAT,20,ACGTTAGATGACTAGATACGATGCTTTTTTAACTGGAGCAGCATCAATTAATAAAACAACGAGAGGAAACCTT,20,TCTAAGGTAACAAACCCTGGAGATCTTTTTTTTTTGCATCGTATCTAGTCATCTAACGT,20,,,262,228,Копия results CSP DNAzymes ,C.alb.docx
Binary,DNAzyme,dsDNA,23,0.16,200,200,10,20,200,GAAAAAAATAATGCTAGTTTTTATTACACTTATATTAGTTAGTCTACCAATTGCGCAACAAACTGAAGCAAAGGATGCATCTGCATTCAATAAAGAAAATTCAATTTCATCCAT,TGCCCAGGGAGGCTAGCTCGCAATTGGTAGACTAACTAATATAA,20,GCATCCTTTGCTTCAGTTTGTTGACAACGAGAGGAAACCTT,20,,,,,367.67,519.33,Копия results CSP DNAzymes ,L.mono.docx
Binary,DNAzyme,dsDNA,23,0.33,200,200,10,20,200,GAAAAAAATAATGCTAGTTTTTATTACACTTATATTAGTTAGTCTACCAATTGCGCAACAAACTGAAGCAAAGGATGCATCTGCATTCAATAAAGAAAATTCAATTTCATCCAT,TGCCCAGGGAGGCTAGCTCGCAATTGGTAGACTAACTAATATAA,20,GCATCCTTTGCTTCAGTTTGTTGACAACGAGAGGAAACCTT,20,,,,,376,514.67,Копия results CSP DNAzymes ,L.mono.docx
Binary,DNAzyme,dsDNA,23,0.5,200,200,10,20,200,GAAAAAAATAATGCTAGTTTTTATTACACTTATATTAGTTAGTCTACCAATTGCGCAACAAACTGAAGCAAAGGATGCATCTGCATTCAATAAAGAAAATTCAATTTCATCCAT,TGCCCAGGGAGGCTAGCTCGCAATTGGTAGACTAACTAATATAA,20,GCATCCTTTGCTTCAGTTTGTTGACAACGAGAGGAAACCTT,20,,,,,359,526.33,Копия results CSP DNAzymes ,L.mono.docx
Binary,DNAzyme,dsDNA,23,0.66,200,200,10,20,200,GAAAAAAATAATGCTAGTTTTTATTACACTTATATTAGTTAGTCTACCAATTGCGCAACAAACTGAAGCAAAGGATGCATCTGCATTCAATAAAGAAAATTCAATTTCATCCAT,TGCCCAGGGAGGCTAGCTCGCAATTGGTAGACTAACTAATATAA,20,GCATCCTTTGCTTCAGTTTGTTGACAACGAGAGGAAACCTT,20,,,,,388.67,541,Копия results CSP DNAzymes ,L.mono.docx
Binary,DNAzyme,dsDNA,23,0.83,200,200,10,20,200,GAAAAAAATAATGCTAGTTTTTATTACACTTATATTAGTTAGTCTACCAATTGCGCAACAAACTGAAGCAAAGGATGCATCTGCATTCAATAAAGAAAATTCAATTTCATCCAT,TGCCCAGGGAGGCTAGCTCGCAATTGGTAGACTAACTAATATAA,20,GCATCCTTTGCTTCAGTTTGTTGACAACGAGAGGAAACCTT,20,,,,,358.67,544.67,Копия results CSP DNAzymes ,L.mono.docx
Binary,DNAzyme,dsDNA,23,1,200,200,10,20,200,GAAAAAAATAATGCTAGTTTTTATTACACTTATATTAGTTAGTCTACCAATTGCGCAACAAACTGAAGCAAAGGATGCATCTGCATTCAATAAAGAAAATTCAATTTCATCCAT,TGCCCAGGGAGGCTAGCTCGCAATTGGTAGACTAACTAATATAA,20,GCATCCTTTGCTTCAGTTTGTTGACAACGAGAGGAAACCTT,20,,,,,357.67,551.33,Копия results CSP DNAzymes ,L.mono.docx
DNM,DNAzyme,dsDNA,23,0.16,200,200,10,20,200,GAAAAAAATAATGCTAGTTTTTATTACACTTATATTAGTTAGTCTACCAATTGCGCAACAAACTGAAGCAAAGGATGCATCTGCATTCAATAAAGAAAATTCAATTTCATCCAT,TGCCCAGGGAGGCTAGCTATTGGTAGACTAACTAATATAAGTGTAA,20,ATATAGAGTGACAGTAGATCTGTCTTTTTTGCTTCAGTTTGTTGCGCAACAACGAGAGGAAACCTT,20,CTTTATTGAATGCAGATGCATCCTTTTTTTTTGACAGATCTACTGTCACTCTATAT,20,,,344.67,352.33,Копия results CSP DNAzymes ,L.mono.docx
DNM,DNAzyme,dsDNA,23,0.33,200,200,10,20,200,GAAAAAAATAATGCTAGTTTTTATTACACTTATATTAGTTAGTCTACCAATTGCGCAACAAACTGAAGCAAAGGATGCATCTGCATTCAATAAAGAAAATTCAATTTCATCCAT,TGCCCAGGGAGGCTAGCTATTGGTAGACTAACTAATATAAGTGTAA,20,ATATAGAGTGACAGTAGATCTGTCTTTTTTGCTTCAGTTTGTTGCGCAACAACGAGAGGAAACCTT,20,CTTTATTGAATGCAGATGCATCCTTTTTTTTTGACAGATCTACTGTCACTCTATAT,20,,,316.67,327,Копия results CSP DNAzymes ,L.mono.docx
DNM,DNAzyme,dsDNA,23,0.5,200,200,10,20,200,GAAAAAAATAATGCTAGTTTTTATTACACTTATATTAGTTAGTCTACCAATTGCGCAACAAACTGAAGCAAAGGATGCATCTGCATTCAATAAAGAAAATTCAATTTCATCCAT,TGCCCAGGGAGGCTAGCTATTGGTAGACTAACTAATATAAGTGTAA,20,ATATAGAGTGACAGTAGATCTGTCTTTTTTGCTTCAGTTTGTTGCGCAACAACGAGAGGAAACCTT,20,CTTTATTGAATGCAGATGCATCCTTTTTTTTTGACAGATCTACTGTCACTCTATAT,20,,,314,323,Копия results CSP DNAzymes ,L.mono.docx
DNM,DNAzyme,dsDNA,23,0.66,200,200,10,20,200,GAAAAAAATAATGCTAGTTTTTATTACACTTATATTAGTTAGTCTACCAATTGCGCAACAAACTGAAGCAAAGGATGCATCTGCATTCAATAAAGAAAATTCAATTTCATCCAT,TGCCCAGGGAGGCTAGCTATTGGTAGACTAACTAATATAAGTGTAA,20,ATATAGAGTGACAGTAGATCTGTCTTTTTTGCTTCAGTTTGTTGCGCAACAACGAGAGGAAACCTT,20,CTTTATTGAATGCAGATGCATCCTTTTTTTTTGACAGATCTACTGTCACTCTATAT,20,,,313,328.33,Копия results CSP DNAzymes ,L.mono.docx
DNM,DNAzyme,dsDNA,23,0.83,200,200,10,20,200,GAAAAAAATAATGCTAGTTTTTATTACACTTATATTAGTTAGTCTACCAATTGCGCAACAAACTGAAGCAAAGGATGCATCTGCATTCAATAAAGAAAATTCAATTTCATCCAT,TGCCCAGGGAGGCTAGCTATTGGTAGACTAACTAATATAAGTGTAA,20,ATATAGAGTGACAGTAGATCTGTCTTTTTTGCTTCAGTTTGTTGCGCAACAACGAGAGGAAACCTT,20,CTTTATTGAATGCAGATGCATCCTTTTTTTTTGACAGATCTACTGTCACTCTATAT,20,,,304,327.67,Копия results CSP DNAzymes ,L.mono.docx
DNM,DNAzyme,dsDNA,23,1,200,200,10,20,200,GAAAAAAATAATGCTAGTTTTTATTACACTTATATTAGTTAGTCTACCAATTGCGCAACAAACTGAAGCAAAGGATGCATCTGCATTCAATAAAGAAAATTCAATTTCATCCAT,TGCCCAGGGAGGCTAGCTATTGGTAGACTAACTAATATAAGTGTAA,20,ATATAGAGTGACAGTAGATCTGTCTTTTTTGCTTCAGTTTGTTGCGCAACAACGAGAGGAAACCTT,20,CTTTATTGAATGCAGATGCATCCTTTTTTTTTGACAGATCTACTGTCACTCTATAT,20,,,304,329.67,Копия results CSP DNAzymes ,L.mono.docx
Binary,DNAzyme,dsDNA,23,0.16,200,200,10,20,200,GAGCACTTGGTCAGGCACACGGACAGGGTCAGCGGAGGACGCGTGGCACAGCAGCCCGGGGTAGGTCCCCTGGACCTGCCGCTGGCGGACTACGCCTTCGTTGC,TGCCCAGGGAGGCTAGCTCTGTCCGTGTGCCTGACCA,20,CGCGTCCTCCGCTGACCACAACGAGAGGAAACCTT,20,,,,,453.17,590.83,Копия results CSP DNAzymes ,EBV 2.docx
Binary,DNAzyme,dsDNA,23,0.33,200,200,10,20,200,GAGCACTTGGTCAGGCACACGGACAGGGTCAGCGGAGGACGCGTGGCACAGCAGCCCGGGGTAGGTCCCCTGGACCTGCCGCTGGCGGACTACGCCTTCGTTGC,TGCCCAGGGAGGCTAGCTCTGTCCGTGTGCCTGACCA,20,CGCGTCCTCCGCTGACCACAACGAGAGGAAACCTT,20,,,,,439.5,587.33,Копия results CSP DNAzymes ,EBV 2.docx
Binary,DNAzyme,dsDNA,23,0.5,200,200,10,20,200,GAGCACTTGGTCAGGCACACGGACAGGGTCAGCGGAGGACGCGTGGCACAGCAGCCCGGGGTAGGTCCCCTGGACCTGCCGCTGGCGGACTACGCCTTCGTTGC,TGCCCAGGGAGGCTAGCTCTGTCCGTGTGCCTGACCA,20,CGCGTCCTCCGCTGACCACAACGAGAGGAAACCTT,20,,,,,417.5,567.17,Копия results CSP DNAzymes ,EBV 2.docx
Binary,DNAzyme,dsDNA,23,0.66,200,200,10,20,200,GAGCACTTGGTCAGGCACACGGACAGGGTCAGCGGAGGACGCGTGGCACAGCAGCCCGGGGTAGGTCCCCTGGACCTGCCGCTGGCGGACTACGCCTTCGTTGC,TGCCCAGGGAGGCTAGCTCTGTCCGTGTGCCTGACCA,20,CGCGTCCTCCGCTGACCACAACGAGAGGAAACCTT,20,,,,,390.33,538.33,Копия results CSP DNAzymes ,EBV 2.docx
Binary,DNAzyme,dsDNA,23,0.83,200,200,10,20,200,GAGCACTTGGTCAGGCACACGGACAGGGTCAGCGGAGGACGCGTGGCACAGCAGCCCGGGGTAGGTCCCCTGGACCTGCCGCTGGCGGACTACGCCTTCGTTGC,TGCCCAGGGAGGCTAGCTCTGTCCGTGTGCCTGACCA,20,CGCGTCCTCCGCTGACCACAACGAGAGGAAACCTT,20,,,,,362.5,511.5,Копия results CSP DNAzymes ,EBV 2.docx
Binary,DNAzyme,dsDNA,23,1,200,200,10,20,200,GAGCACTTGGTCAGGCACACGGACAGGGTCAGCGGAGGACGCGTGGCACAGCAGCCCGGGGTAGGTCCCCTGGACCTGCCGCTGGCGGACTACGCCTTCGTTGC,TGCCCAGGGAGGCTAGCTCTGTCCGTGTGCCTGACCA,20,CGCGTCCTCCGCTGACCACAACGAGAGGAAACCTT,20,,,,,329.5,485.33,Копия results CSP DNAzymes ,EBV 2.docx
DNM,DNAzyme,dsDNA,23,0.16,200,200,10,20,200,GAGCACTTGGTCAGGCACACGGACAGGGTCAGCGGAGGACGCGTGGCACAGCAGCCCGGGGTAGGTCCCCTGGACCTGCCGCTGGCGGACTACGCCTTCGTTGC,TGCCCAGGGAGGCTAGCTCTGTCCGTGTGCCTGACCA,20,AGACTAGCAGAGAGGTGACAGTAGTCAGCTTTTTTCGCGTCCTCCGCTGACCACAACGAGAGGAAACCTT,20,CCGGGCTGCTGTGCCATTTTTTGCTGACTACTGTCACCTCTCTGCTAGTCT,20,,,481,503.5,Копия results CSP DNAzymes ,EBV 2.docx
DNM,DNAzyme,dsDNA,23,0.33,200,200,10,20,200,GAGCACTTGGTCAGGCACACGGACAGGGTCAGCGGAGGACGCGTGGCACAGCAGCCCGGGGTAGGTCCCCTGGACCTGCCGCTGGCGGACTACGCCTTCGTTGC,TGCCCAGGGAGGCTAGCTCTGTCCGTGTGCCTGACCA,20,AGACTAGCAGAGAGGTGACAGTAGTCAGCTTTTTTCGCGTCCTCCGCTGACCACAACGAGAGGAAACCTT,20,CCGGGCTGCTGTGCCATTTTTTGCTGACTACTGTCACCTCTCTGCTAGTCT,20,,,472.83,505.67,Копия results CSP DNAzymes ,EBV 2.docx
DNM,DNAzyme,dsDNA,23,0.5,200,200,10,20,200,GAGCACTTGGTCAGGCACACGGACAGGGTCAGCGGAGGACGCGTGGCACAGCAGCCCGGGGTAGGTCCCCTGGACCTGCCGCTGGCGGACTACGCCTTCGTTGC,TGCCCAGGGAGGCTAGCTCTGTCCGTGTGCCTGACCA,20,AGACTAGCAGAGAGGTGACAGTAGTCAGCTTTTTTCGCGTCCTCCGCTGACCACAACGAGAGGAAACCTT,20,CCGGGCTGCTGTGCCATTTTTTGCTGACTACTGTCACCTCTCTGCTAGTCT,20,,,456.33,495,Копия results CSP DNAzymes ,EBV 2.docx
DNM,DNAzyme,dsDNA,23,0.66,200,200,10,20,200,GAGCACTTGGTCAGGCACACGGACAGGGTCAGCGGAGGACGCGTGGCACAGCAGCCCGGGGTAGGTCCCCTGGACCTGCCGCTGGCGGACTACGCCTTCGTTGC,TGCCCAGGGAGGCTAGCTCTGTCCGTGTGCCTGACCA,20,AGACTAGCAGAGAGGTGACAGTAGTCAGCTTTTTTCGCGTCCTCCGCTGACCACAACGAGAGGAAACCTT,20,CCGGGCTGCTGTGCCATTTTTTGCTGACTACTGTCACCTCTCTGCTAGTCT,20,,,433.83,476.33,Копия results CSP DNAzymes ,EBV 2.docx
DNM,DNAzyme,dsDNA,23,0.83,200,200,10,20,200,GAGCACTTGGTCAGGCACACGGACAGGGTCAGCGGAGGACGCGTGGCACAGCAGCCCGGGGTAGGTCCCCTGGACCTGCCGCTGGCGGACTACGCCTTCGTTGC,TGCCCAGGGAGGCTAGCTCTGTCCGTGTGCCTGACCA,20,AGACTAGCAGAGAGGTGACAGTAGTCAGCTTTTTTCGCGTCCTCCGCTGACCACAACGAGAGGAAACCTT,20,CCGGGCTGCTGTGCCATTTTTTGCTGACTACTGTCACCTCTCTGCTAGTCT,20,,,417.5,461.17,Копия results CSP DNAzymes ,EBV 2.docx
DNM,DNAzyme,dsDNA,23,1,200,200,10,20,200,GAGCACTTGGTCAGGCACACGGACAGGGTCAGCGGAGGACGCGTGGCACAGCAGCCCGGGGTAGGTCCCCTGGACCTGCCGCTGGCGGACTACGCCTTCGTTGC,TGCCCAGGGAGGCTAGCTCTGTCCGTGTGCCTGACCA,20,AGACTAGCAGAGAGGTGACAGTAGTCAGCTTTTTTCGCGTCCTCCGCTGACCACAACGAGAGGAAACCTT,20,CCGGGCTGCTGTGCCATTTTTTGCTGACTACTGTCACCTCTCTGCTAGTCT,20,,,386.5,437.17,Копия results CSP DNAzymes ,EBV 2.docx
Binary,DNAzyme,dsDNA,23,0.16,200,200,10,20,200,AACAAATCCCAGGATATGTTTTTGGACGGTTGTCCACGACAAACTGACAAGACGATCTGCCTGCGCGACCAAAACGTATGCAGTCTTACCTCTACAATGCCATCCCG,TGCCCAGGGAGGCTAGCTTTTGTCGTGGACAACCGTCTAA,20,CGCAGGCAGATCGTCTTGTCAGACAACGAGAGGAAACCTT,20,,,,,366,445.83,Копия results CSP DNAzymes ,VZV 3.docx
Binary,DNAzyme,dsDNA,23,0.33,200,200,10,20,200,AACAAATCCCAGGATATGTTTTTGGACGGTTGTCCACGACAAACTGACAAGACGATCTGCCTGCGCGACCAAAACGTATGCAGTCTTACCTCTACAATGCCATCCCG,TGCCCAGGGAGGCTAGCTTTTGTCGTGGACAACCGTCTAA,20,CGCAGGCAGATCGTCTTGTCAGACAACGAGAGGAAACCTT,20,,,,,351.83,428.83,Копия results CSP DNAzymes ,VZV 3.docx
Binary,DNAzyme,dsDNA,23,0.5,200,200,10,20,200,AACAAATCCCAGGATATGTTTTTGGACGGTTGTCCACGACAAACTGACAAGACGATCTGCCTGCGCGACCAAAACGTATGCAGTCTTACCTCTACAATGCCATCCCG,TGCCCAGGGAGGCTAGCTTTTGTCGTGGACAACCGTCTAA,20,CGCAGGCAGATCGTCTTGTCAGACAACGAGAGGAAACCTT,20,,,,,339.33,401.33,Копия results CSP DNAzymes ,VZV 3.docx
Binary,DNAzyme,dsDNA,23,0.66,200,200,10,20,200,AACAAATCCCAGGATATGTTTTTGGACGGTTGTCCACGACAAACTGACAAGACGATCTGCCTGCGCGACCAAAACGTATGCAGTCTTACCTCTACAATGCCATCCCG,TGCCCAGGGAGGCTAGCTTTTGTCGTGGACAACCGTCTAA,20,CGCAGGCAGATCGTCTTGTCAGACAACGAGAGGAAACCTT,20,,,,,320.17,372.83,Копия results CSP DNAzymes ,VZV 3.docx
Binary,DNAzyme,dsDNA,23,0.83,200,200,10,20,200,AACAAATCCCAGGATATGTTTTTGGACGGTTGTCCACGACAAACTGACAAGACGATCTGCCTGCGCGACCAAAACGTATGCAGTCTTACCTCTACAATGCCATCCCG,TGCCCAGGGAGGCTAGCTTTTGTCGTGGACAACCGTCTAA,20,CGCAGGCAGATCGTCTTGTCAGACAACGAGAGGAAACCTT,20,,,,,304.17,341,Копия results CSP DNAzymes ,VZV 3.docx
Binary,DNAzyme,dsDNA,23,1,200,200,10,20,200,AACAAATCCCAGGATATGTTTTTGGACGGTTGTCCACGACAAACTGACAAGACGATCTGCCTGCGCGACCAAAACGTATGCAGTCTTACCTCTACAATGCCATCCCG,TGCCCAGGGAGGCTAGCTTTTGTCGTGGACAACCGTCTAA,20,CGCAGGCAGATCGTCTTGTCAGACAACGAGAGGAAACCTT,20,,,,,292.17,312.83,Копия results CSP DNAzymes ,VZV 3.docx
DNM,DNAzyme,dsDNA,23,0.16,200,200,10,20,200,AACAAATCCCAGGATATGTTTTTGGACGGTTGTCCACGACAAACTGACAAGACGATCTGCCTGCGCGACCAAAACGTATGCAGTCTTACCTCTACAATGCCATCCCG,TGCCCAGGGAGGCTAGCTTTTGTCGTGGACAACCGTCCAA,20,AGACTAGCAGAGAGGTGACAGTACAATCGTTTTTTCGCAGGCAGATCGTCTTGTCAGACAACGAGAGGAAACCTT,20,GGTAAGACTGCATACGTTTTGGTCGTTTTTTCGATTGTACTGTCACCTCTCTGCTAGTCT,20,,,458,487.5,Копия results CSP DNAzymes ,VZV 3.docx
DNM,DNAzyme,dsDNA,23,0.33,200,200,10,20,200,AACAAATCCCAGGATATGTTTTTGGACGGTTGTCCACGACAAACTGACAAGACGATCTGCCTGCGCGACCAAAACGTATGCAGTCTTACCTCTACAATGCCATCCCG,TGCCCAGGGAGGCTAGCTTTTGTCGTGGACAACCGTCCAA,20,AGACTAGCAGAGAGGTGACAGTACAATCGTTTTTTCGCAGGCAGATCGTCTTGTCAGACAACGAGAGGAAACCTT,20,GGTAAGACTGCATACGTTTTGGTCGTTTTTTCGATTGTACTGTCACCTCTCTGCTAGTCT,20,,,439.67,466,Копия results CSP DNAzymes ,VZV 3.docx
DNM,DNAzyme,dsDNA,23,0.5,200,200,10,20,200,AACAAATCCCAGGATATGTTTTTGGACGGTTGTCCACGACAAACTGACAAGACGATCTGCCTGCGCGACCAAAACGTATGCAGTCTTACCTCTACAATGCCATCCCG,TGCCCAGGGAGGCTAGCTTTTGTCGTGGACAACCGTCCAA,20,AGACTAGCAGAGAGGTGACAGTACAATCGTTTTTTCGCAGGCAGATCGTCTTGTCAGACAACGAGAGGAAACCTT,20,GGTAAGACTGCATACGTTTTGGTCGTTTTTTCGATTGTACTGTCACCTCTCTGCTAGTCT,20,,,413.5,440.33,Копия results CSP DNAzymes ,VZV 3.docx
DNM,DNAzyme,dsDNA,23,0.66,200,200,10,20,200,AACAAATCCCAGGATATGTTTTTGGACGGTTGTCCACGACAAACTGACAAGACGATCTGCCTGCGCGACCAAAACGTATGCAGTCTTACCTCTACAATGCCATCCCG,TGCCCAGGGAGGCTAGCTTTTGTCGTGGACAACCGTCCAA,20,AGACTAGCAGAGAGGTGACAGTACAATCGTTTTTTCGCAGGCAGATCGTCTTGTCAGACAACGAGAGGAAACCTT,20,GGTAAGACTGCATACGTTTTGGTCGTTTTTTCGATTGTACTGTCACCTCTCTGCTAGTCT,20,,,384,409,Копия results CSP DNAzymes ,VZV 3.docx
DNM,DNAzyme,dsDNA,23,0.83,200,200,10,20,200,AACAAATCCCAGGATATGTTTTTGGACGGTTGTCCACGACAAACTGACAAGACGATCTGCCTGCGCGACCAAAACGTATGCAGTCTTACCTCTACAATGCCATCCCG,TGCCCAGGGAGGCTAGCTTTTGTCGTGGACAACCGTCCAA,20,AGACTAGCAGAGAGGTGACAGTACAATCGTTTTTTCGCAGGCAGATCGTCTTGTCAGACAACGAGAGGAAACCTT,20,GGTAAGACTGCATACGTTTTGGTCGTTTTTTCGATTGTACTGTCACCTCTCTGCTAGTCT,20,,,358,385.17,Копия results CSP DNAzymes ,VZV 3.docx
DNM,DNAzyme,dsDNA,23,1,200,200,10,20,200,AACAAATCCCAGGATATGTTTTTGGACGGTTGTCCACGACAAACTGACAAGACGATCTGCCTGCGCGACCAAAACGTATGCAGTCTTACCTCTACAATGCCATCCCG,TGCCCAGGGAGGCTAGCTTTTGTCGTGGACAACCGTCCAA,20,AGACTAGCAGAGAGGTGACAGTACAATCGTTTTTTCGCAGGCAGATCGTCTTGTCAGACAACGAGAGGAAACCTT,20,GGTAAGACTGCATACGTTTTGGTCGTTTTTTCGATTGTACTGTCACCTCTCTGCTAGTCT,20,,,329.83,356.33,Копия results CSP DNAzymes ,VZV 3.docx